dataset,u,v,betweenness_bucket,jaco_norm,orc,waf3,eff_resistance,commute_time,lrc,hybrid
Cornell,0,101,Low Betweenness (Intra-cluster),1.0447379350662231,0,0.022222222222222143,0.5789982679141528,324.23903003192555,-6.8573373162786755,1.3956180222189354
Cornell,0,122,Low Betweenness (Intra-cluster),1.1284459431966145,0,0.18888888888888883,0.5789982679141532,324.2390300319258,-5.8360396790067695,1.400277618485751
Cornell,1,27,Medium Betweenness,0.7359172900517782,0,-0.8105263157894738,0.6019600906525473,337.09765076542647,-3.7856271911788566,1.349374567836664
Cornell,1,57,High Betweenness (Inter-cluster),0.10456831753253937,0,-33.88554150527835,0.48272344241106124,270.32512775019427,-110.64024063898023,0.5439139110748085
Cornell,1,120,Low Betweenness (Intra-cluster),0.9142224391301472,0,-0.16052631578947374,0.6033978349890596,337.90278759387337,-2.4567948314214103,1.3661092489551119
Cornell,2,75,Low Betweenness (Intra-cluster),0.9601815342903137,0,-0.24444444444444446,0.6564513071823022,367.61273202208923,-3.981183345525241,1.3107096296984109
Cornell,2,130,Low Betweenness (Intra-cluster),1.1736536423365276,0,0.18888888888888883,0.6564513071823023,367.6127320220893,-3.031212246813936,1.322824579992133
Cornell,3,57,High Betweenness (Inter-cluster),0.055438755700985595,0,-34.08831928305613,0.2869793113212288,160.70841433988812,47.50356697867683,0.7339888647492387
Cornell,3,66,High Betweenness (Inter-cluster),0.28560806314150494,0,-2.2077485380116957,0.333458129851703,186.73655271695367,-16.182634675808373,1.578813577249012
Cornell,3,83,Medium Betweenness,0.28949268658955896,0,-1.2077485380116961,0.40190793301734096,225.06844248971095,-12.902244720667753,1.538321352368769
Cornell,3,97,High Betweenness (Inter-cluster),0.3867655197779338,0,-1.096637426900585,0.4602453822540937,257.7374140622925,-6.400063249166394,1.483090301226602
Cornell,3,146,High Betweenness (Inter-cluster),0.32979203263918555,0,-1.1744152046783625,0.36318007041084266,203.3808394300719,-12.92527622120421,1.5779811338413519
Cornell,4,24,Low Betweenness (Intra-cluster),0.644023338953654,0,-1.4903242955874534,0.6214601022791759,348.0176572763385,-7.13524072465954,1.3108690516319006
Cornell,4,176,Medium Betweenness,0.5558313926060995,0,-1.6723950026581602,0.6214601022791795,348.0176572763405,-12.056293170889669,1.3057787957101175
Cornell,5,10,High Betweenness (Inter-cluster),0.4821181893348694,0,-1.8431020733652312,0.5912125183597539,331.07901028146216,-8.070876918176904,1.3312538231507525
Cornell,5,53,Low Betweenness (Intra-cluster),0.3767573237419128,0,-1.4053827751196173,0.4872686021029205,272.8704171776355,-8.218265900004715,1.447435309616258
Cornell,5,57,High Betweenness (Inter-cluster),0.19410222272078198,0,-32.80372332346017,0.2836506609510723,158.8443701326005,256.37881671044437,0.7732317063123111
Cornell,5,135,Low Betweenness (Intra-cluster),0.3828710615634918,0,-1.4053827751196173,0.5052354341790009,282.93184314024046,-8.38725124106867,1.4294684777198459
Cornell,5,154,Low Betweenness (Intra-cluster),0.8953160842259726,0,0.3446172248803827,0.36485007343900716,204.316041125844,-6.117945685047496,1.6187795978575545
Cornell,5,162,Low Betweenness (Intra-cluster),0.9670674204826355,0,-0.009768740031897982,0.5912125183597516,331.0790102814609,-5.0682645386113965,1.3825093820857322
Cornell,5,176,Low Betweenness (Intra-cluster),0.16519789894421896,0,-3.0568979266347687,0.406648953363538,227.7234138835813,-25.535135992792327,1.481882594541902
Cornell,6,109,Medium Betweenness,0.7854366699854534,0,0.16407685881370093,0.3808917351523562,213.29937168531947,-7.376892352083349,1.5976904650102188
Cornell,6,149,Low Betweenness (Intra-cluster),0.5615366895993551,0,-0.7857142857142857,0.5795134501230272,324.52753206889525,-7.31689320989057,1.3725148923979804
Cornell,6,101,Low Betweenness (Intra-cluster),0.7854366699854534,0,-0.15873015873015872,0.3901039243562243,218.4581976394856,-8.206372935110117,1.579453373655376
Cornell,6,122,Low Betweenness (Intra-cluster),0.8483685056368511,0,0.00793650793650802,0.4098946769744209,229.5410191056757,-7.262241900561578,1.5643222175019031
Cornell,7,12,Medium Betweenness,2.5842056274414062,0,0.8228070175438595,0.9999999999999986,559.9999999999992,-0.7144080500638201,0.996998705884412
Cornell,7,57,High Betweenness (Inter-cluster),0.15600672860940298,0,-33.76887483861168,1.0000000000000004,560.0000000000002,-48.61729420764542,0.02989907604540897
Cornell,8,28,Low Betweenness (Intra-cluster),0.2661348879337311,0,-2.0952380952380953,0.435642080665136,243.95956517247615,-14.572288114745085,1.4797751468921732
Cornell,8,101,Low Betweenness (Intra-cluster),0.6462394992510477,0,-0.9460317460317459,0.32355964726161746,181.19340246650577,-10.100275074064823,1.6239866048622464
Cornell,8,109,Medium Betweenness,0.6462394992510477,0,-0.6232247284878863,0.30020242014473597,168.11335528105215,-9.947934170381767,1.6563687339886521
Cornell,8,122,Low Betweenness (Intra-cluster),0.5577831864356995,0,-1.2793650793650795,0.3697822923856363,207.07808373595634,-9.843200769114059,1.568444767666822
Cornell,8,158,Medium Betweenness,0.6727221012115479,0,-0.908939014202172,0.3315581130948745,185.6725433331297,-10.470360390883933,1.6170251620375289
Cornell,8,20,Low Betweenness (Intra-cluster),0.6572460134824117,0,-0.7103174603174602,0.31793278609522574,178.04236021332642,-9.517134586944081,1.6362034664068668
Cornell,8,65,Low Betweenness (Intra-cluster),0.835832417011261,0,-0.6984126984126984,0.5828895282737188,326.4181358332825,-9.111803840031968,1.3715795551827152
Cornell,8,161,Medium Betweenness,1.130568504333496,0,-0.6507936507936507,0.9999999999999911,559.999999999995,-8.343099711596603,0.9558004008466401
Cornell,9,148,Medium Betweenness,1.754682819048564,0,0.38947368421052625,1.0000000000000002,560.0000000000001,-0.8894477954348162,0.9848837555906885
Cornell,10,142,Medium Betweenness,1.4411181608835855,0,-0.6583333333333333,1.0000000000000018,560.000000000001,-4.338703610509405,0.9555896095869403
Cornell,10,154,High Betweenness (Inter-cluster),0.6098365585009257,0,-1.3521929824561403,0.5912125183597521,331.07901028146114,-6.4830124464060095,1.344978452154831
Cornell,10,166,Medium Betweenness,1.4675402641296387,0,-0.6583333333333333,1.0000000000000013,560.0000000000008,-4.338703610509406,0.9555896095869407
Cornell,10,73,Medium Betweenness,1.4687339067459106,0,-0.6583333333333333,1.0,560.0,-4.338703610509407,0.9555896095869421
Cornell,11,57,Medium Betweenness,0.2883162498474121,0,-32.935541505278344,1.0000000000000007,560.0000000000003,-44.28045153203778,0.05319705737948945
Cornell,13,150,Low Betweenness (Intra-cluster),0.6282968521118164,0,-0.7111111111111111,0.5410524610878016,302.9893782091689,-4.846684264470348,1.4130616050918374
Cornell,13,48,Low Betweenness (Intra-cluster),1.3266610304514566,0,-0.01666666666666672,0.7311544050049004,409.4464668027442,-2.1090884342351464,1.2423746475208262
Cornell,13,67,Medium Betweenness,0.4096349378426869,0,-2.0833333333333335,0.5271117170806694,295.18256156517486,-8.514896384805452,1.388638339696109
Cornell,14,57,Medium Betweenness,0.2738176186879476,0,-32.935541505278344,1.0000000000000022,560.0000000000013,-44.28045153203788,0.0531970573794879
Cornell,15,57,Medium Betweenness,0.2901755670706431,0,-32.935541505278344,0.9999999999999971,559.9999999999984,-44.28045153203776,0.053197057379493005
Cornell,16,57,Medium Betweenness,0.29565865794817603,0,-32.935541505278344,0.9999999999999981,559.999999999999,-44.28045153203804,0.053197057379492006
Cornell,17,57,Medium Betweenness,0.2867040236790975,0,-32.935541505278344,0.9999999999999957,559.9999999999976,-44.28045153203773,0.05319705737949445
Cornell,18,96,Low Betweenness (Intra-cluster),0.8961785038312275,0,-0.5728070175438597,0.6363636363636358,356.36363636363603,-4.697842237789869,1.3216170781975436
Cornell,18,57,Medium Betweenness,0.22522084414958954,0,-32.935541505278344,0.6363636363636352,356.36363636363575,-54.36940804344507,0.4168334173794892
Cornell,19,103,Medium Betweenness,1.9850549697875977,0,0.6144736842105263,0.9999999999999984,559.9999999999991,-0.480970368120661,0.9911742105508918
Cornell,20,47,Low Betweenness (Intra-cluster),0.618730902671814,0,-0.4007936507936508,0.5304419822396984,297.0475100542311,-7.238522690973829,1.4323478083115742
Cornell,20,101,Low Betweenness (Intra-cluster),0.6107158064842224,0,-0.5293650793650793,0.3757505796380496,210.42032459730777,-9.299485166782594,1.5834446636747643
Cornell,20,109,Low Betweenness (Intra-cluster),0.6107158064842224,0,-0.20655806182121972,0.34810813334470136,194.94055467303275,-8.379940810347028,1.6201120119347845
Cornell,20,158,Low Betweenness (Intra-cluster),0.4644532799720764,0,-0.9922723475355054,0.39104027369021654,218.98255326652128,-8.114187739656222,1.5552132039036004
Cornell,21,28,Low Betweenness (Intra-cluster),0.3789454499880473,0,-1.6222222222222225,0.499811201977697,279.89427310751034,-8.07238227132621,1.428830404197601
Cornell,21,41,High Betweenness (Inter-cluster),0.5060921708742777,0,-1.0271929824561403,0.4971499882519026,278.4039934210655,-5.064884459042246,1.448127194042346
Cornell,21,147,High Betweenness (Inter-cluster),0.48905708392461134,0,-1.320050125313283,0.5229639745161561,292.8598257290474,-5.334329364896381,1.414125631738827
Cornell,21,180,Medium Betweenness,0.8259178201357522,0,-0.6777777777777778,0.6448094653397378,361.0933005902532,-3.4024337437595777,1.310236521130835
Cornell,21,85,Medium Betweenness,1.4210589726765952,0,-0.2333333333333334,1.0000000000000009,560.0000000000005,-2.1618289992909325,0.9674715800673221
Cornell,22,44,High Betweenness (Inter-cluster),1.2972468535105388,0,-0.3666666666666667,1.0000000000000013,560.0000000000008,-3.297125820480701,0.9637439030538688
Cornell,22,92,Low Betweenness (Intra-cluster),1.003548840681712,0,-0.3761904761904762,0.6929447590671569,388.04906507760785,-4.254071590725891,1.2705328782723413
Cornell,22,135,High Betweenness (Inter-cluster),0.777830402056376,0,-0.768859649122807,0.6929447590671571,388.049065077608,-4.456288148803348,1.2595547993986052
Cornell,23,62,Low Betweenness (Intra-cluster),1.6571133931477866,0,0.32380952380952377,0.7368505961956313,412.63633386955354,-1.7717704851555791,1.246197345903553
Cornell,23,171,High Betweenness (Inter-cluster),0.8040624260902405,0,-0.9515873015873016,0.736850596195632,412.63633386955394,-5.177668772506549,1.2105403401855832
Cornell,24,28,Medium Betweenness,0.7282224098841349,0,-1.0105263157894737,0.3608472139973925,202.0744398385398,-8.003920397780973,1.5848959265605091
Cornell,24,47,Medium Betweenness,0.6098886529604595,0,-1.3994152046783626,0.4784110965316466,267.9102140577221,-6.971362388907761,1.456459653912657
Cornell,24,68,Low Betweenness (Intra-cluster),0.6433957815170288,0,-1.3783625730994151,0.5753612927788402,322.2023239561505,-6.624938136113704,1.3600980392160373
Cornell,24,84,Low Betweenness (Intra-cluster),0.6301624774932861,0,-1.2116959064327486,0.43951146915224865,246.12642272525923,-6.512257504132259,1.500607457750946
Cornell,24,139,Medium Betweenness,1.1029787460962932,0,-1.066081871345029,1.0000000000000013,560.0000000000008,-4.796175289245873,0.9441899481938265
Cornell,24,159,High Betweenness (Inter-cluster),0.6425102154413859,0,-1.8994152046783628,1.0000000000000022,560.0000000000013,-5.3806764159764855,0.920891966859745
Cornell,24,57,High Betweenness (Inter-cluster),0.16829366981983185,0,-34.129985949722794,0.30144517111536406,168.80929582460388,89.41320358685671,0.718358106033058
Cornell,25,30,High Betweenness (Inter-cluster),0.860495388507843,0,-0.004970760233918181,0.6322470585628654,354.05835279520466,-3.0847470641997816,1.3416089821854935
Cornell,25,75,Low Betweenness (Intra-cluster),1.027370572090149,0,-0.1611111111111111,0.6322470585628657,354.05835279520477,-4.0807572776128,1.337243676209213
Cornell,26,57,High Betweenness (Inter-cluster),0.1534078667561213,0,-33.602208171945016,0.9999999999999966,559.9999999999981,-72.30947935529684,0.034558672312228915
Cornell,26,78,High Betweenness (Inter-cluster),1.5973386764526367,0,0.1561403508771929,0.9999999999999972,559.9999999999984,-2.4693004937257714,0.9783603208171489
Cornell,27,74,Medium Betweenness,1.0229461193084717,0,-0.393859649122807,0.6414923077845405,359.2356923593427,-2.7940980814597443,1.3214913417670333
Cornell,27,97,Low Betweenness (Intra-cluster),0.488928884267807,0,-1.7833333333333332,0.586055338126912,328.19098935107075,-5.912268904605452,1.3380819925195722
Cornell,27,91,Medium Betweenness,1.7266414960225425,0,-0.050000000000000044,0.9999999999999991,559.9999999999995,-2.1841380291863435,0.9725971359608218
Cornell,28,47,Low Betweenness (Intra-cluster),0.7469580173492432,0,-0.16666666666666663,0.4672335015868996,261.65076088866374,-4.726339731091772,1.502101911659482
Cornell,28,84,Low Betweenness (Intra-cluster),0.7619404395421346,0,-0.010526315789473717,0.46202359473221916,258.7332130500427,-4.257064429758927,1.5116771244383438
Cornell,29,179,Medium Betweenness,2.6255640983581543,0,0.8228070175438595,1.0000000000000058,560.0000000000032,-0.7144080500638238,0.9969987058844048
Cornell,29,57,High Betweenness (Inter-cluster),0.15847131609916687,0,-33.76887483861168,1.0000000000000009,560.0000000000005,-48.61729420764445,0.029899076045408524
Cornell,30,57,High Betweenness (Inter-cluster),0.05465021232763925,0,-34.229985949722796,0.33821969519153455,189.40302930725935,42.88302688752833,0.6787878245645433
Cornell,30,66,High Betweenness (Inter-cluster),0.2839993039766947,0,-2.3494152046783623,0.31032749153105,173.783395257388,-12.022558451617076,1.5979835585115647
Cornell,30,67,Medium Betweenness,0.23159072299798333,0,-2.2883040935672514,0.36777712652737393,205.9551908553294,-11.019546785740374,1.5422424427209034
Cornell,30,146,High Betweenness (Inter-cluster),0.3279340863227844,0,-1.3160818713450293,0.333170690115582,186.57558646472592,-10.047564322577339,1.604029857009725
Cornell,31,158,Low Betweenness (Intra-cluster),0.7854288419087727,0,-0.3243943191311613,0.578071588089784,323.72008933027905,-3.6435277078735275,1.3868541431813957
Cornell,31,57,Medium Betweenness,0.21320346991221112,0,-32.983160552897395,0.5780715880897834,323.7200893302787,-129.00605094706475,0.4737941518513298
Cornell,32,57,Medium Betweenness,0.30058489243189496,0,-32.935541505278344,0.9999999999999989,559.9999999999994,-44.28045153203774,0.05319705737949123
Cornell,33,51,Medium Betweenness,2.8005659580230713,0,0.8228070175438595,1.0000000000000009,560.0000000000005,-0.7144080500638244,0.9969987058844096
Cornell,33,57,High Betweenness (Inter-cluster),0.16591255366802216,0,-33.76887483861168,1.0000000000000018,560.000000000001,-48.61729420764449,0.029899076045407636
Cornell,34,57,Medium Betweenness,0.2679458608229955,0,-32.935541505278344,0.9999999999999984,559.9999999999991,-44.280451532037894,0.05319705737949167
Cornell,35,79,Medium Betweenness,2.599530140558879,0,0.6333333333333333,1.0,560.0,-1.8867538060173288,0.9917014806547669
Cornell,36,151,Medium Betweenness,2.4473002751668296,0,0.6333333333333333,1.0000000000000016,560.0000000000009,-1.5569277507575703,0.9917014806547654
Cornell,37,57,Medium Betweenness,0.2726242343584696,0,-32.935541505278344,0.9999999999999991,559.9999999999995,-44.280451532037425,0.05319705737949101
Cornell,38,169,Low Betweenness (Intra-cluster),1.5902572075525918,0,0.37575757575757573,0.7142857142857135,399.99999999999955,-2.3579161813492533,1.2702145692813749
Cornell,38,176,High Betweenness (Inter-cluster),0.5445791880289713,0,-1.8946172248803825,0.7142857142857135,399.99999999999955,-7.604598819280414,1.2067403896094187
Cornell,39,66,Medium Betweenness,0.8973481059074402,0,-1.4611111111111108,0.9999999999999992,559.9999999999995,-10.470600485882583,0.9331458875684452
Cornell,40,57,Medium Betweenness,0.286902000506719,0,-32.935541505278344,1.0000000000000007,560.0000000000003,-44.28045153203762,0.05319705737948945
Cornell,41,66,High Betweenness (Inter-cluster),0.2755451500415802,0,-2.3383040935672517,0.3947264554267714,221.046815038992,-18.776213192568047,1.5138952352109545
Cornell,41,67,High Betweenness (Inter-cluster),0.32074152429898584,0,-1.943859649122807,0.39005390154036057,218.43018486260192,-10.620258306684047,1.529595500215438
Cornell,41,57,High Betweenness (Inter-cluster),0.08103045572837193,0,-33.88554150527835,0.3330368265613094,186.50062287433326,59.76502270923226,0.6936005254276932
Cornell,42,164,Low Betweenness (Intra-cluster),1.0334262649218242,0,0.2521929824561404,0.5908109542380741,330.8541343733215,-0.14652623937030054,1.3902347613883181
Cornell,42,57,Medium Betweenness,0.2370843142271042,0,-32.86887483861168,0.5908109542380734,330.8541343733211,-78.75733322212807,0.4642499375562503
Cornell,43,104,Low Betweenness (Intra-cluster),0.7276148994763693,0,-0.7061403508771928,0.6249999999999991,349.9999999999995,-4.2249168206188905,1.329253037434091
Cornell,43,57,Medium Betweenness,0.28746291995048523,0,-32.36887483861168,0.5000000000000003,280.00000000000017,-46.753122829195114,0.5690396796866617
Cornell,43,95,Low Betweenness (Intra-cluster),1.29090146223704,0,0.39385964912280697,0.6250000000000002,350.0000000000001,-0.7511068010426226,1.3600063727950764
Cornell,44,134,Medium Betweenness,2.619263013203939,0,0.5833333333333333,1.0000000000000018,560.000000000001,-1.9858713369421293,0.9903036017747204
Cornell,45,57,Medium Betweenness,0.28867968916893005,0,-32.935541505278344,0.9999999999999989,559.9999999999994,-44.280451532037915,0.05319705737949123
Cornell,46,57,Medium Betweenness,0.19188676774501803,0,-33.0870566567935,0.5655578904126737,316.71241863109725,-99.3653946309829,0.48340316601619626
Cornell,46,176,Low Betweenness (Intra-cluster),0.5639110803604126,0,-1.540231259968102,0.565557890412673,316.7124186310969,-11.878866885741411,1.365375985109884
Cornell,48,157,Medium Betweenness,1.842106064160665,0,0.40614035087719297,0.7311544050049003,409.44646680274417,-0.7902399795374643,1.2541953075240126
Cornell,49,66,Low Betweenness (Intra-cluster),0.45199810465176904,0,-1.8388888888888888,0.4118001849456328,230.60810356955437,-11.397242244278328,1.5107839452026934
Cornell,49,67,Low Betweenness (Intra-cluster),0.38641081253687537,0,-1.7777777777777777,0.4657547014124175,260.8226327909538,-9.096090234016327,1.45853794790662
Cornell,49,146,Low Betweenness (Intra-cluster),0.5219222903251648,0,-0.8055555555555556,0.4268006772492856,239.00837925959993,-9.462299043739266,1.5246729499033056
Cornell,50,57,High Betweenness (Inter-cluster),0.1591523090998332,0,-33.411731981468826,0.5926983469389199,331.9110742857951,-447.70575329726427,0.44718557417664806
Cornell,50,171,High Betweenness (Inter-cluster),0.7764205137888591,0,-0.6287802840434421,0.5926983469389201,331.9110742857953,-5.4562644959558275,1.3637174902438682
Cornell,52,53,Medium Betweenness,1.6908771991729736,0,0.3144736842105263,1.0000000000000009,560.0000000000005,-1.0900445254422235,0.9827869372706205
Cornell,53,92,High Betweenness (Inter-cluster),0.7708795269330343,0,-0.5783834586466166,0.5915132196309918,331.2474029933554,-3.478947125600558,1.366311590696816
Cornell,53,57,High Betweenness (Inter-cluster),0.10933138926823935,0,-34.035541505278346,0.45031333818811103,252.17546938534218,575.0584356600605,0.5721303783335229
Cornell,54,63,Medium Betweenness,1.5549546877543132,0,0.15909090909090906,1.0,560.0,-3.9723950824009258,0.9784428112773719
Cornell,55,57,Medium Betweenness,0.2764532268047333,0,-32.935541505278344,0.999999999999998,559.9999999999989,-44.28045153203784,0.05319705737949212
Cornell,56,104,Medium Betweenness,1.710236668586731,0,0.10614035087719298,1.0000000000000004,560.0000000000002,-2.6030571215683365,0.9769624419371007
Cornell,57,58,Medium Betweenness,0.2841614782810211,0,-32.935541505278344,0.9999999999999993,559.9999999999997,-44.28045153203766,0.053197057379490785
Cornell,57,59,Medium Betweenness,0.30369535088539124,0,-32.935541505278344,1.0000000000000004,560.0000000000002,-44.280451532037745,0.053197057379489675
Cornell,57,60,Medium Betweenness,0.2819983462492625,0,-32.935541505278344,0.9999999999999991,559.9999999999995,-44.280451532037816,0.05319705737949101
Cornell,57,61,Medium Betweenness,0.28756399949391687,0,-32.935541505278344,0.9999999999999982,559.999999999999,-44.28045153203774,0.053197057379491895
Cornell,57,68,Medium Betweenness,0.19803306460380554,0,-33.04665261638946,0.5753612927788402,322.2023239561505,-112.25202156150434,0.4747293628430496
Cornell,57,71,Medium Betweenness,0.3106355567773183,0,-32.935541505278344,0.9999999999999987,559.9999999999992,-44.2804515320378,0.05319705737949145
Cornell,57,72,High Betweenness (Inter-cluster),0.1016020675500234,0,-34.26887483861168,0.7272727272727267,407.27272727272697,-67.74197035006627,0.28864755724496005
Cornell,57,74,High Betweenness (Inter-cluster),0.15432984133561453,0,-33.46887483861168,0.6414923077845397,359.23569235934224,-95.10024777724253,0.3967940379560597
Cornell,57,76,Medium Betweenness,0.2809385508298874,0,-32.935541505278344,0.9999999999999993,559.9999999999997,-44.28045153203784,0.053197057379490785
Cornell,57,77,High Betweenness (Inter-cluster),0.1988851179679235,0,-33.26887483861168,0.6250000000000023,350.0000000000013,-51.58703734515351,0.4188778610958534
Cornell,57,80,Medium Betweenness,0.29475844899813336,0,-32.935541505278344,0.9999999999999993,559.9999999999997,-44.280451532037745,0.053197057379490785
Cornell,57,81,Medium Betweenness,0.2907746136188507,0,-32.935541505278344,0.9999999999999982,559.999999999999,-44.28045153203771,0.053197057379491895
Cornell,57,82,High Betweenness (Inter-cluster),0.10178757707277933,0,-34.435541505278344,0.9999999999999981,559.999999999999,-68.98111852707594,0.011260690978146855
Cornell,57,84,High Betweenness (Inter-cluster),0.13741122682889303,0,-33.37998594972279,0.44222291377154294,247.64483171206405,463.9599909283823,0.5985485479853302
Cornell,57,86,Medium Betweenness,0.2838868399461111,0,-32.935541505278344,0.9999999999999991,559.9999999999995,-44.2804515320378,0.05319705737949101
Cornell,57,88,Medium Betweenness,0.2854870955149333,0,-32.935541505278344,0.9999999999999984,559.9999999999991,-44.280451532037794,0.05319705737949167
Cornell,57,89,High Betweenness (Inter-cluster),0.10345486551523209,0,-33.70220817194501,0.42517398280445107,238.0974303704926,124.94131957486218,0.6065889259994215
Cornell,57,90,Medium Betweenness,0.2930016616980235,0,-32.935541505278344,0.9999999999999989,559.9999999999994,-44.28045153203781,0.05319705737949123
Cornell,57,95,Medium Betweenness,0.2648874521255493,0,-32.76887483861168,0.6250000000000003,350.00000000000017,-43.99127571009576,0.43285664989630374
Cornell,57,96,High Betweenness (Inter-cluster),0.1592551867167155,0,-34.01887483861168,0.5454545454545427,305.45454545454396,-83.60822678132769,0.4774551316451853
Cornell,57,98,Medium Betweenness,0.2972851097583771,0,-32.935541505278344,0.9999999999999998,559.9999999999999,-44.280451532037794,0.05319705737949034
Cornell,57,99,High Betweenness (Inter-cluster),0.29091280698776245,0,-32.435541505278344,0.4000000000000002,224.0000000000001,-43.472451431450466,0.667175840179935
Cornell,57,100,Medium Betweenness,0.2815932134787242,0,-32.935541505278344,1.0,560.0,-44.280451532037816,0.05319705737949012
Cornell,57,103,High Betweenness (Inter-cluster),0.10220129042863846,0,-34.060541505278344,0.5709859461798106,319.7521298606939,-577.5668702901584,0.45075883210852774
Cornell,57,104,High Betweenness (Inter-cluster),0.14930338660875955,0,-33.86887483861168,0.625,350.0,-77.42292605615556,0.4021033145353176
Cornell,57,105,Medium Betweenness,0.21233415603637695,0,-32.935541505278344,0.5999999999999989,335.9999999999994,-44.13019706682263,0.453197053379489
Cornell,57,106,Medium Betweenness,0.29552385210990906,0,-32.935541505278344,0.999999999999998,559.9999999999989,-44.280451532037766,0.05319705737949212
Cornell,57,107,Medium Betweenness,0.28558866182963055,0,-32.935541505278344,0.9999999999999987,559.9999999999992,-44.280451532037794,0.05319705737949145
Cornell,57,108,Medium Betweenness,0.2873273591200511,0,-32.935541505278344,0.9999999999999993,559.9999999999997,-44.28045153203779,0.053197057379490785
Cornell,57,109,High Betweenness (Inter-cluster),0.044124619414409004,0,-34.437128806865644,0.3773466422523172,211.3141196612976,39.32699883971684,0.6338696653919877
Cornell,57,110,High Betweenness (Inter-cluster),0.10687481860319772,0,-33.71331928305612,0.4159197999116411,232.915087950519,121.08918137766871,0.6155324690485685
Cornell,57,112,Medium Betweenness,0.27968263626098633,0,-32.935541505278344,0.9999999999999984,559.9999999999991,-44.280451532037766,0.05319705737949167
Cornell,57,113,Medium Betweenness,0.27318294843037927,0,-32.935541505278344,0.9999999999999978,559.9999999999987,-44.28045153203777,0.05319705737949234
Cornell,57,114,Medium Betweenness,0.2795765896638234,0,-32.935541505278344,0.9999999999999991,559.9999999999995,-44.28045153203774,0.05319705737949101
Cornell,57,116,High Betweenness (Inter-cluster),0.14915934701760608,0,-33.76887483861168,1.0000000000000016,560.0000000000009,-48.617294207644505,0.029899076045407858
Cornell,57,119,Medium Betweenness,0.2691429853439331,0,-32.935541505278344,0.9999999999999949,559.9999999999972,-44.28045153203775,0.053197057379495226
Cornell,57,123,Medium Betweenness,0.31497621536254883,0,-32.935541505278344,0.9999999999999993,559.9999999999997,-44.280451532037745,0.053197057379490785
Cornell,57,124,Medium Betweenness,0.28508177399635315,0,-32.935541505278344,0.9999999999999984,559.9999999999991,-44.28045153203778,0.05319705737949167
Cornell,57,127,Medium Betweenness,0.2805856764316559,0,-32.935541505278344,1.0,560.0,-44.28045153203775,0.05319705737949012
Cornell,57,128,Medium Betweenness,0.2939135829607646,0,-33.435541505278344,0.9999999999999984,559.9999999999991,-45.70767479334337,0.039218268579043286
Cornell,57,131,Medium Betweenness,0.2870387335618337,0,-32.935541505278344,1.0000000000000002,560.0000000000001,-44.28045153203773,0.0531970573794899
Cornell,57,132,Medium Betweenness,0.2984115282694499,0,-32.935541505278344,1.0000000000000002,560.0000000000001,-44.28045153203776,0.0531970573794899
Cornell,57,135,High Betweenness (Inter-cluster),0.11110546439886093,0,-34.035541505278346,0.4830622758301152,270.5148744648645,405.22272106197534,0.5393814410190083
Cornell,57,141,Medium Betweenness,0.2943795124689738,0,-32.935541505278344,1.0000000000000018,560.000000000001,-44.28045153203775,0.05319705737948834
Cornell,57,144,High Betweenness (Inter-cluster),0.15654147664705914,0,-33.352208171945016,0.5672125304371357,317.639017044796,3172.282099552539,0.47433553194743683
Cornell,57,145,Medium Betweenness,0.20237721502780914,0,-33.0870566567935,0.5655578904126727,316.7124186310967,-99.36539463098099,0.48340316601619726
Cornell,57,147,High Betweenness (Inter-cluster),0.11885269731283188,0,-33.74982721956406,0.43027307518810165,240.95292210533694,112.7095839210257,0.6001585204476715
Cornell,57,148,High Betweenness (Inter-cluster),0.07786627610524495,0,-34.33554150527834,0.4402094857454795,246.51731201746853,89.01597101738102,0.5738469573948469
Cornell,57,153,High Betweenness (Inter-cluster),0.1800994674364726,0,-33.103723323460166,0.37824968559245914,211.8198239317771,-103.7835628615376,0.6702454093366462
Cornell,57,154,High Betweenness (Inter-cluster),0.11017348368962607,0,-33.785541505278346,0.45940029375603136,257.2641645033776,942.6121996540655,0.5700328172566964
Cornell,57,155,Medium Betweenness,0.2596774697303772,0,-32.602208171945016,0.4749999999999989,265.9999999999994,-43.18635141775457,0.5875162446631202
Cornell,57,156,Medium Betweenness,0.277050256729126,0,-32.935541505278344,0.9999999999999996,559.9999999999998,-44.28045153203774,0.05319705737949056
Cornell,57,157,High Betweenness (Inter-cluster),0.17146645983060202,0,-33.602208171945016,0.7311544050049007,409.4464668027444,-122.81718082232649,0.3034042646188673
Cornell,57,158,High Betweenness (Inter-cluster),0.18592731157938638,0,-33.19427166400851,0.3122863523591391,174.88035732111788,68.88495590413116,0.7336772296528198
Cornell,57,160,High Betweenness (Inter-cluster),0.17480985820293427,0,-33.285541505278346,0.4880506614059624,273.308370387339,-73.39501848528373,0.5553612386937175
Cornell,57,163,Medium Betweenness,0.2681815524895986,0,-32.935541505278344,1.0000000000000016,560.0000000000009,-44.28045153203774,0.053197057379488565
Cornell,57,164,High Betweenness (Inter-cluster),0.18364471197128296,0,-33.160541505278346,0.3632438169522971,203.4165374932864,576.3222097562748,0.6836627790994259
Cornell,57,165,High Betweenness (Inter-cluster),0.07261600345373154,0,-34.002208171945014,0.35048201504634247,196.26992842595178,73.49043269123537,0.6728936197303408
Cornell,57,168,Medium Betweenness,0.2596774697303772,0,-32.602208171945016,0.4750000000000003,266.00000000000017,-43.186351417754544,0.5875162446631189
Cornell,57,170,Medium Betweenness,0.2879610558350881,0,-32.935541505278344,0.9999999999999989,559.9999999999994,-44.28045153203776,0.05319705737949123
Cornell,57,174,High Betweenness (Inter-cluster),0.060238368809223175,0,-34.83831928305613,0.43001441073201935,240.80807000993084,87.34794496521154,0.5699855835681272
Cornell,57,175,High Betweenness (Inter-cluster),0.1988851179679235,0,-33.26887483861168,0.6250000000000027,350.0000000000015,-51.5870373451536,0.41887786109585307
Cornell,57,177,High Betweenness (Inter-cluster),0.15793964266777039,0,-33.46887483861168,0.6230482615223193,348.9070264524988,-249.50430159065783,0.4152380840338396
Cornell,57,178,Medium Betweenness,0.28080224990844727,0,-32.935541505278344,1.000000000000001,560.0000000000006,-44.28045153203775,0.05319705737948901
Cornell,57,182,Medium Betweenness,0.28546439607938134,0,-32.935541505278344,0.9999999999999984,559.9999999999991,-44.28045153203775,0.05319705737949167
Cornell,57,176,High Betweenness (Inter-cluster),0.23165491223335266,0,-33.0870566567935,0.2622315616506938,146.84967452438852,131.71707281639036,0.7867294917449111
Cornell,62,118,Medium Betweenness,0.9452925721804302,0,-0.4666666666666667,0.7368505961956313,412.63633386955354,-3.0426280277024236,1.2240975464666537
Cornell,63,137,Low Betweenness (Intra-cluster),1.0346870024998982,0,-0.0924242424242423,0.48214285714285804,270.0000000000005,-5.914568708190966,1.4892681945896533
Cornell,63,167,Low Betweenness (Intra-cluster),1.156814972559611,0,0.24090909090909096,0.5,280.0,-5.4120248517279945,1.4807302444447152
Cornell,63,176,High Betweenness (Inter-cluster),0.697585940361023,0,-1.427950558213716,0.4821428571428564,269.99999999999955,-8.063272116892367,1.451930113977931
Cornell,64,135,High Betweenness (Inter-cluster),1.6750194629033408,0,0.3144736842105263,1.0000000000000022,560.0000000000013,-1.5209249917268148,0.9827869372706192
Cornell,65,158,Medium Betweenness,0.947745144367218,0,-0.12322472848788646,0.5828895282737179,326.418135833282,-3.9210636541083757,1.3876604174869913
Cornell,66,75,Medium Betweenness,0.3502687116463979,0,-2.5055555555555555,0.40371318437645326,226.07938325081383,-10.116082605457613,1.5002325606237386
Cornell,66,130,Medium Betweenness,0.4401320815086365,0,-2.072222222222222,0.4665807342884726,261.28521120154466,-9.838705788219722,1.449479961634117
Cornell,66,144,High Betweenness (Inter-cluster),0.5004113614559174,0,-1.8049707602339184,0.5672125304371352,317.6390170447957,-15.47437570795632,1.356319869979264
Cornell,66,146,Low Betweenness (Intra-cluster),1.044846216837565,0,0.5611111111111111,0.21144702297741835,118.41033286735427,-10.534275604317845,1.7782352914095274
Cornell,66,150,Low Betweenness (Intra-cluster),0.28737178444862366,0,-2.6555555555555554,0.34484119665207846,193.11107012516393,-13.735645940463044,1.5549109111192585
Cornell,66,133,Medium Betweenness,0.6325472593307495,0,-1.838888888888889,0.5528617557443547,309.60258321683864,-10.697064027666633,1.3697223758145882
Cornell,67,89,Medium Betweenness,0.39428141713142395,0,-1.7605263157894737,0.4413227821924709,247.1407580277837,-8.492072557203668,1.4834521759695143
Cornell,67,140,Medium Betweenness,0.5937191843986511,0,-1.616666666666667,0.6203013645591404,347.36876415311866,-7.0083157102110345,1.3084955626966202
Cornell,67,148,Medium Betweenness,0.31350472569465637,0,-2.393859649122807,0.44647694853937514,250.02709118205007,-8.967835278811052,1.4605915438602506
Cornell,67,165,High Betweenness (Inter-cluster),0.29086693127950036,0,-2.060526315789474,0.3921492573475155,219.60358411460868,-9.765315967633962,1.5242384270424654
Cornell,67,181,High Betweenness (Inter-cluster),0.5756324330965678,0,-1.9166666666666667,0.9999999999999976,559.9999999999986,-6.251250419288966,0.9204096577724827
Cornell,69,93,Low Betweenness (Intra-cluster),0.7649620175361632,0,-0.2043650793650793,0.3468107547217353,194.21402264417176,-8.121484059405649,1.6214707010219715
Cornell,69,83,Low Betweenness (Intra-cluster),0.49635969599088026,0,-0.8567460317460318,0.38248992636866286,214.1943587664512,-7.5266626490007935,1.5675525386302986
Cornell,69,138,Low Betweenness (Intra-cluster),0.6146807074546814,0,-0.39007936507936514,0.40576127647952026,227.22631482853134,-6.071405225497041,1.55732805829924
Cornell,69,171,Low Betweenness (Intra-cluster),0.5642066995302837,0,-0.9543650793650793,0.41250106392264,231.00059579667843,-7.063296181607335,1.5348122092772978
Cornell,70,70,Low Betweenness (Intra-cluster),2.523012717564901,0,0.41666666666666663,0.0,0.0,-2.4552071299618974,1.9856439955079002
Cornell,70,96,Medium Betweenness,1.456661899884542,0,-0.7605263157894736,0.9999999999999973,559.9999999999985,-4.593199232902219,0.9527325413496599
Cornell,72,121,Low Betweenness (Intra-cluster),1.219100832939148,0,-0.09385964912280709,0.7272727272727274,407.27272727272737,-2.4731053684696747,1.2440981964169202
Cornell,72,172,Medium Betweenness,2.0098405281702676,0,0.406140350877193,1.0000000000000009,560.0000000000005,-1.3936347188701659,0.9853497152173694
Cornell,75,146,Low Betweenness (Intra-cluster),0.40445488691329956,0,-1.4722222222222223,0.4076516668910283,228.28493345897584,-8.681498716707681,1.5251835750028082
Cornell,77,125,Low Betweenness (Intra-cluster),1.8488953908284502,0,0.8228070175438595,0.6249999999999997,349.99999999999983,-2.443824220134008,1.3719987021344089
Cornell,77,175,Low Betweenness (Intra-cluster),1.6116806268692017,0,0.843859649122807,0.5000000000000013,280.00000000000074,-2.7216085858780596,1.4975872814654778
Cornell,78,143,Medium Betweenness,2.4586920738220215,0,0.49999999999999994,1.0000000000000002,560.0000000000001,-1.9961578706583274,0.9879738036413138
Cornell,79,104,High Betweenness (Inter-cluster),1.0181426803270976,0,-0.7271929824561404,0.9999999999999969,559.9999999999983,-3.445986145913428,0.9536644606030238
Cornell,82,94,Medium Betweenness,1.9308365186055503,0,0.23947368421052628,0.9999999999999986,559.9999999999992,-1.9302664675967212,0.9806901189505555
Cornell,82,102,Medium Betweenness,1.9377609888712564,0,0.23947368421052628,0.9999999999999989,559.9999999999994,-1.9302664675967198,0.9806901189505551
Cornell,83,93,Low Betweenness (Intra-cluster),0.6637591918309529,0,-0.7067460317460317,0.2744766123580783,153.70690292052385,-9.76593946885923,1.679759488200884
Cornell,83,103,Low Betweenness (Intra-cluster),0.47196259101231886,0,-1.1799707602339182,0.5709859461798108,319.752129860694,-7.00853520418102,1.370019940274883
Cornell,83,129,Low Betweenness (Intra-cluster),0.5029670894145966,0,-0.8567460317460318,0.38248992636866275,214.19435876645113,-7.526662649000798,1.5675525386302986
Cornell,83,164,Low Betweenness (Intra-cluster),0.3708044687906901,0,-1.2799707602339183,0.40497610491471847,226.78661875224233,-7.5174447364920605,1.5332340221197864
Cornell,83,174,Low Betweenness (Intra-cluster),0.41518340508143103,0,-1.6244152046783626,0.4253868249334166,238.2166219627133,-7.926400484740548,1.5031934700204421
Cornell,87,174,Medium Betweenness,1.5363939603169756,0,-0.07997076023391814,1.0000000000000009,560.0000000000005,-2.162904419584286,0.9717592261058222
Cornell,89,150,Low Betweenness (Intra-cluster),0.6173566381136576,0,-0.3883040935672515,0.47385118487577693,265.35666353043507,-3.7257690464499196,1.4892877828749453
Cornell,92,171,Low Betweenness (Intra-cluster),0.5815115571022034,0,-1.234920634920635,0.5942738422553382,332.7933516629894,-7.582576983144008,1.3451957790465214
Cornell,93,110,Medium Betweenness,0.455453077952067,0,-1.1506056808688387,0.4793091644019709,268.4131320651037,-11.745618158778429,1.4625176976210605
Cornell,93,129,Low Betweenness (Intra-cluster),0.7714579304059347,0,-0.2043650793650793,0.34681075472173517,194.2140226441717,-8.121484059405653,1.6214707010219715
Cornell,93,138,Low Betweenness (Intra-cluster),0.6560488343238831,0,-0.7400793650793649,0.3281767771841728,183.77899522313677,-8.8226738194475,1.625127404658428
Cornell,93,171,Low Betweenness (Intra-cluster),0.6028455297152201,0,-1.3043650793650792,0.33215265083724976,186.00548446885986,-9.755914204583142,1.6053754693988895
Cornell,93,174,Medium Betweenness,0.3914390206336975,0,-1.9006056808688392,0.42685868661163207,239.04086450251395,-9.800061912402278,1.4939999916862212
Cornell,93,180,Medium Betweenness,0.6094362139701843,0,-0.9734126984126985,0.6448094653397383,361.0933005902534,-9.374550293536982,1.3019712848956486
Cornell,96,121,Low Betweenness (Intra-cluster),0.8521663149197898,0,-0.843859649122807,0.7272727272727268,407.272727272727,-4.657304538701987,1.2231300132162481
Cornell,96,173,Medium Betweenness,1.454190174738566,0,-0.2605263157894737,0.999999999999999,559.9999999999994,-3.5189404716480754,0.9667113301501067
Cornell,97,118,Low Betweenness (Intra-cluster),0.4522790114084879,0,-1.5333333333333332,0.5450991064570135,305.2554996159276,-6.134412299508148,1.3860276181801323
Cornell,97,152,Medium Betweenness,1.4662381013234456,0,-0.10000000000000009,0.9999999999999996,559.9999999999998,-2.2171808634598977,0.9711992570807764
Cornell,97,165,High Betweenness (Inter-cluster),0.46330785751342773,0,-1.0105263157894737,0.49142505762546246,275.198032270259,-5.162079286994115,1.4543180842382184
Cornell,99,155,Low Betweenness (Intra-cluster),1.0332860549290974,0,-0.1561403508771929,0.4749999999999994,265.99999999999966,-3.843456219651548,1.4946297036145828
Cornell,99,105,Low Betweenness (Intra-cluster),0.8449013829231262,0,-0.4894736842105264,0.5999999999999994,335.99999999999966,-3.366764408051229,1.3603105123309516
Cornell,99,115,Medium Betweenness,1.400936206181844,0,-0.17719298245614035,0.9999999999999982,559.999999999999,-2.5192957834260046,0.9690411282835155
Cornell,99,168,Low Betweenness (Intra-cluster),1.0332860549290974,0,-0.1561403508771929,0.47500000000000075,266.0000000000004,-3.843456219651549,1.4946297036145815
Cornell,101,109,High Betweenness (Inter-cluster),0.9068014820416769,0,0.5862990810359232,0.3045681576756295,170.5581682983525,-8.538873476022502,1.6858183522663102
Cornell,101,122,Low Betweenness (Intra-cluster),1.1783029635747275,0,0.9301587301587301,0.3159930716566121,176.95612012770277,-7.921071928386939,1.6840069212237445
Cornell,109,122,High Betweenness (Inter-cluster),0.8259329001108805,0,0.2529657477025897,0.3425963299937379,191.85394479649324,-7.958307164555177,1.6384709877948513
Cornell,110,150,Medium Betweenness,0.634690244992574,0,-0.39941520467836256,0.5020985588733369,281.17519296906863,-4.046132192193674,1.4607297694087382
Cornell,111,116,Medium Betweenness,2.486742417017619,0,0.8228070175438595,1.0,560.0,-0.7144080500638228,0.9969987058844105
Cornell,117,181,Medium Betweenness,2.5816805362701416,0,0.7333333333333333,0.9999999999999998,559.9999999999999,-1.3551278418708317,0.9944972384148569
Cornell,118,138,Low Betweenness (Intra-cluster),0.43228839834531146,0,-1.1777777777777776,0.5164433974292839,289.208302560399,-6.827074610824669,1.424623798957179
Cornell,118,177,High Betweenness (Inter-cluster),0.9848521947860718,0,-0.14385964912280702,0.6230482615223192,348.9070264524987,-2.3157412062352223,1.3469247822450383
Cornell,120,153,Low Betweenness (Intra-cluster),1.1506808201471965,0,0.34856459330143535,0.5046083468266449,282.5806742229212,-2.863209879713185,1.4791316847264513
Cornell,120,160,Low Betweenness (Intra-cluster),1.2865010102589927,0,0.4394736842105263,0.5301702151506915,296.89532048438724,-2.2084158115875527,1.4561114146217415
Cornell,125,175,Low Betweenness (Intra-cluster),1.8488954305648804,0,0.8228070175438595,0.6249999999999991,349.9999999999995,-2.443824220134002,1.3719987021344093
Cornell,126,174,Medium Betweenness,1.549481272697449,0,-0.07997076023391814,1.000000000000001,560.0000000000006,-2.162904419584285,0.971759226105822
Cornell,128,128,Low Betweenness (Intra-cluster),2.025659918785095,0,0.26052631578947366,0.0,0.0,-1.205296761424765,1.9812786895316201
Cornell,129,138,Low Betweenness (Intra-cluster),0.6225210428237915,0,-0.39007936507936514,0.4057612764795202,227.22631482853132,-6.071405225497044,1.55732805829924
Cornell,129,171,Low Betweenness (Intra-cluster),0.5700051585833231,0,-0.9543650793650793,0.4125010639226401,231.00059579667845,-7.063296181607332,1.5348122092772978
Cornell,130,146,Low Betweenness (Intra-cluster),0.5082210203011831,0,-1.0388888888888888,0.46736843079138807,261.7263212431773,-8.263353033080959,1.4775817619933382
Cornell,133,133,Low Betweenness (Intra-cluster),1.265094518661499,0,0.39444444444444443,0.0,0.0,-3.0004187591947824,1.9850227160056582
Cornell,133,146,Low Betweenness (Intra-cluster),0.730402151743571,0,-0.8055555555555556,0.5528617557443548,309.6025832168387,-9.183579734929875,1.398611872668848
Cornell,136,159,Medium Betweenness,2.6191458702087402,0,0.7222222222222221,0.9999999999999991,559.9999999999995,-1.4810838336025283,0.9941865986637364
Cornell,137,167,Low Betweenness (Intra-cluster),1.156814972559611,0,0.40757575757575765,0.4821428571428567,269.9999999999998,-5.6104553527192955,1.503246983390103
Cornell,137,169,Low Betweenness (Intra-cluster),0.9185395638147991,0,-0.34090909090909094,0.7142857142857139,399.9999999999998,-4.799212862759442,1.2501783053340652
Cornell,137,176,High Betweenness (Inter-cluster),0.697585940361023,0,-1.2612838915470495,0.4285714285714283,239.99999999999986,-8.03521513824609,1.5101611382804605
Cornell,138,164,High Betweenness (Inter-cluster),0.46037889520327246,0,-0.8133040935672513,0.44868889877904833,251.26578331626706,-5.631805904333941,1.5025680982396699
Cornell,140,149,Low Betweenness (Intra-cluster),1.0593719482421875,0,-0.16666666666666674,0.6203013645591395,347.36876415311815,-2.539418402232453,1.3490340502179214
Cornell,145,176,Low Betweenness (Intra-cluster),0.5947399735450745,0,-1.540231259968102,0.5655578904126728,316.71241863109674,-11.878866885741393,1.3653759851098841
Cornell,146,150,Low Betweenness (Intra-cluster),0.33182833592096966,0,-1.6222222222222222,0.3695261793904978,206.93466045867876,-11.527838868127562,1.5591154254819493
Cornell,147,158,Low Betweenness (Intra-cluster),0.43784655133883155,0,-1.091060985797828,0.48735208824954634,272.91716941974596,-6.785532058366617,1.4561394992870835
Cornell,147,151,High Betweenness (Inter-cluster),1.0107191801071167,0,-0.2867167919799499,1.0000000000000022,560.0000000000013,-2.848198941172148,0.9659791078796038
Cornell,148,149,Medium Betweenness,0.6132383743921915,0,-0.9438596491228072,0.5142305234516442,287.96909313292076,-3.721715870435704,1.433376457146818
Cornell,149,165,Medium Betweenness,0.5799506902694702,0,-0.6105263157894737,0.48876070455112874,273.7059945486321,-3.430707988410038,1.4681654683262675
Cornell,153,160,Low Betweenness (Intra-cluster),1.161250352859497,0,0.6196172248803827,0.4661592889656123,261.0492018207429,-2.24909571447701,1.5251587171842889
Cornell,153,176,Low Betweenness (Intra-cluster),0.2957986394564311,0,-2.3068979266347687,0.45854862344979896,256.78722913188744,-16.013327872595706,1.4509511081753104
Cornell,154,162,Low Betweenness (Intra-cluster),1.2232540051142375,0,0.481140350877193,0.5912125183597525,331.0790102814614,-3.1834980321765625,1.3962340110898077
Cornell,155,168,Low Betweenness (Intra-cluster),1.2655111153920493,0,0.6771929824561403,0.4999999999999998,279.9999999999999,-1.9643173618126537,1.4929276851986635
Cornell,167,176,Medium Betweenness,0.7799250880877177,0,-0.927950558213716,0.48214285714285654,269.99999999999966,-7.828289409061833,1.4659089027783794
Texas,0,58,High Betweenness (Inter-cluster),0.5946475466092428,0,-2.0555555555555554,1.0000000000000022,590.0000000000014,-7.162351093048857,0.8872901012155157
Texas,0,121,Medium Betweenness,2.5773343245188394,0,0.7222222222222221,1.0000000000000009,590.0000000000006,-1.8964652410109113,0.9608256221952164
Texas,1,80,Medium Betweenness,1.4684778451919556,0,-0.24761904761904763,1.0,590.0,-1.9045755008686212,0.9351512202988765
Texas,2,8,Medium Betweenness,2.433413028717041,0,0.7083333333333333,1.0000000000000013,590.0000000000008,-1.6827482100070235,0.9604579445903175
Texas,3,56,Medium Betweenness,0.2731992999712626,0,-33.40396825396826,0.9999999999999973,589.9999999999984,-23.889075863572923,0.057410231736335984
Texas,4,66,Low Betweenness (Intra-cluster),0.29861457149187726,0,-2.3158730158730156,0.5261870685090914,310.4503704203639,-13.51392900932757,1.3542116991450381
Texas,4,146,Medium Betweenness,0.8132731914520264,0,-0.8365079365079364,0.4560831415595965,269.08905352016194,-5.481409932690561,1.4634785428523938
Texas,4,164,Low Betweenness (Intra-cluster),1.408630092938741,0,0.623015873015873,0.6140207853898991,362.2722633800405,-1.8434977173515208,1.344178564339093
Texas,5,20,Medium Betweenness,0.7217936515808105,0,-0.7504329004329005,0.6257993400025514,369.22161060150535,-3.637426789238099,1.2960409922502123
Texas,5,56,High Betweenness (Inter-cluster),0.0967921813329061,0,-34.603968253968254,0.6257993400025521,369.22161060150574,-2322.263942996898,0.3998435429285299
Texas,5,101,Medium Betweenness,1.9083134730656943,0,0.5404761904761904,0.9999999999999999,589.9999999999999,-0.882915508589772,0.9560142981082599
Texas,6,56,Medium Betweenness,0.19384238620599112,0,-33.48730158730159,0.5520603504550816,325.71560676849816,-55.836306197878464,0.5031438111724468
Texas,6,171,Low Betweenness (Intra-cluster),0.7022611101468403,0,-0.34246031746031746,0.5520603504550817,325.7156067684982,-0.4874465488024065,1.3805801525766452
Texas,7,14,Medium Betweenness,2.5583932399749756,0,0.7333333333333333,0.9999999999999996,589.9999999999998,-1.3615786095494316,0.9611197642791366
Texas,7,34,High Betweenness (Inter-cluster),0.6616088549296062,0,-1.1198412698412699,0.9999999999999974,589.9999999999985,-5.71510879651818,0.9120610667112535
Texas,8,173,High Betweenness (Inter-cluster),0.6298629641532898,0,-1.5055555555555555,1.0000000000000018,590.000000000001,-5.630756423435314,0.9018501343694967
Texas,9,56,High Betweenness (Inter-cluster),0.15224283436934155,0,-34.23730158730159,0.9999999999999755,589.9999999999856,-39.93609841881409,0.03534957544244817
Texas,9,106,Medium Betweenness,2.7079602082570395,0,0.8238095238095238,0.9999999999999917,589.9999999999951,-0.6547676405565214,0.9635149212481974
Texas,10,108,Medium Betweenness,1.39764932791392,0,-0.8333333333333334,0.9999999999999991,589.9999999999994,-5.4877443291880255,0.9196457304465865
Texas,11,94,Low Betweenness (Intra-cluster),0.9837609330813091,0,0.09285714285714286,0.6230904165265352,367.62334575065574,-3.252864717256477,1.3210741538604567
Texas,11,108,High Betweenness (Inter-cluster),0.6123100916544597,0,-1.592857142857143,1.000000000000012,590.000000000007,-8.209880087635899,0.8995390179958387
Texas,11,56,High Betweenness (Inter-cluster),0.1920104771852493,0,-33.570634920634916,0.6230904165265376,367.6233457506572,63.53942505082625,0.4299076801819033
Texas,12,56,Medium Betweenness,0.2827298641204834,0,-33.40396825396826,0.9999999999999986,589.9999999999992,-23.889075863572707,0.05741023173633476
Texas,13,13,Low Betweenness (Intra-cluster),2.200187842051188,0,0.3611111111111111,0.0,0.0,-2.5507152181499637,1.9512659944678172
Texas,13,58,Medium Betweenness,1.0371793905893962,0,-1.7222222222222219,1.0000000000000089,590.0000000000052,-7.614014646443141,0.896114363733073
Texas,15,15,Low Betweenness (Intra-cluster),1.6277547677357993,0,2.202020202020202,0.0,0.0,-5.708786150011135,1.9999999897352723
Texas,15,16,Medium Betweenness,0.30956409374872845,0,-3.1297258297258295,0.3428217868002412,202.26485421214232,-18.54705359339872,1.5160320263799423
Texas,15,22,Medium Betweenness,0.43831597765286767,0,-1.6575036075036076,0.40193181999243366,237.13977379553586,-12.850356644945863,1.4958958198980932
Texas,15,65,Medium Betweenness,0.5466725528240204,0,-1.3075036075036075,0.4374001550975029,258.0660915075267,-11.460135737539295,1.4696929607911509
Texas,15,165,Medium Betweenness,0.5386249621709188,0,-1.3075036075036075,0.43740015509750296,258.0660915075267,-11.46013573753929,1.4696929607911509
Texas,15,20,Low Betweenness (Intra-cluster),0.43778972824414575,0,-2.17020202020202,0.49943252319903886,294.66518868743293,-12.012220447300805,1.3848225615085314
Texas,15,57,Medium Betweenness,0.6879580616950989,0,-1.324170274170274,0.3049519777197276,179.92166685463928,-12.461624864518415,1.6016999237185612
Texas,15,92,Medium Betweenness,1.1632630030314128,0,-1.0202020202020203,0.9999999999999991,589.9999999999994,-8.348012136387537,0.9146987953988612
Texas,15,174,Medium Betweenness,1.139585336049398,0,-1.0202020202020203,0.9999999999999987,589.9999999999992,-8.348012136387528,0.9146987953988617
Texas,16,20,High Betweenness (Inter-cluster),0.4153236746788025,0,-2.0686147186147186,0.484878040202357,286.0780437193906,-8.599346178695946,1.40206634341264
Texas,16,56,High Betweenness (Inter-cluster),0.1267168695727984,0,-34.69487734487735,0.21056511422429777,124.23341739233568,95.65068420872834,0.8126711475041808
Texas,16,59,Low Betweenness (Intra-cluster),0.4358918468157451,0,-1.5242424242424242,0.44830346610942295,264.49904500455955,-7.719611265901212,1.4530519692383157
Texas,16,60,Medium Betweenness,0.3987582723299663,0,-1.9837662337662336,0.6546107191877917,386.2203243207971,-8.458015011217725,1.2345798420381005
Texas,16,85,Low Betweenness (Intra-cluster),0.3803586463133494,0,-1.8813852813852816,0.5526412785560746,326.058354348084,-6.832227187398491,1.3392595908519422
Texas,16,123,Medium Betweenness,1.070393721262614,0,-0.9004329004329005,0.9999999999999992,589.9999999999995,-4.188671668651864,0.9178694178618819
Texas,16,126,Medium Betweenness,0.42042444149653124,0,-1.8766233766233764,0.5440676224342744,320.9998972362219,-8.354320361183932,1.3479593077811134
Texas,16,133,Low Betweenness (Intra-cluster),0.3088824450969696,0,-2.2504329004329007,0.45433401185881306,268.0570669966997,-10.257816668177302,1.427797137350253
Texas,17,29,Low Betweenness (Intra-cluster),0.7733151912689209,0,-0.9309523809523808,0.5835556103338552,344.29781009697456,-2.96933615050156,1.333505867639555
Texas,17,56,Medium Betweenness,0.1996689885854721,0,-33.4515873015873,0.5835556103338551,344.2978100969745,-51.74541259300327,0.47259400830693754
Texas,18,126,Low Betweenness (Intra-cluster),1.3267315228780112,0,0.0071428571428571175,0.7266244574269471,428.70842988189884,-1.9140718268863672,1.2152710179194441
Texas,18,139,Medium Betweenness,1.7652882734934492,0,0.4071428571428571,0.7266244574269473,428.7084298818989,-0.7480881866925031,1.2258601329405208
Texas,19,56,Medium Betweenness,0.26905466119448346,0,-33.40396825396826,1.0000000000000013,590.0000000000008,-23.889075863572646,0.05741023173633199
Texas,20,115,Medium Betweenness,1.663714051246643,0,0.25909090909090904,1.0,590.0,-2.129073469126541,0.9485652453336928
Texas,21,36,Medium Betweenness,1.826602141062419,0,0.8238095238095238,0.6282900799097553,370.6911471467556,-2.4353849684521753,1.33522483762132
Texas,21,56,High Betweenness (Inter-cluster),0.0961816410223643,0,-34.48730158730159,0.654610719187791,386.2203243207967,1070.3553046259076,0.3741206559125533
Texas,21,60,Low Betweenness (Intra-cluster),1.5818814833958945,0,0.7238095238095237,0.5131603196390184,302.76458858702085,-2.9847278249069915,1.4477073179854856
Texas,22,56,High Betweenness (Inter-cluster),0.17331764101982117,0,-33.372655122655125,0.33873943057409994,199.85626403871896,-240.46072058977302,0.7194997404224637
Texas,22,57,Low Betweenness (Intra-cluster),0.4462100764115651,0,-1.2551226551226549,0.38289440590197776,225.9076994821669,-7.503670510189079,1.525585379265805
Texas,22,74,Low Betweenness (Intra-cluster),0.7703171968460082,0,-0.0758297258297258,0.5424298445007563,320.0336082554462,-1.835061290426534,1.3972691134419504
Texas,23,127,Low Betweenness (Intra-cluster),0.3506463865439097,0,-1.1599206349206348,0.35132795539870676,207.28349368523698,-4.750033997286461,1.5596720923088054
Texas,23,147,Low Betweenness (Intra-cluster),0.6580193440119426,0,-0.13492063492063489,0.4594579972124193,271.0802183553274,-1.1720579814482792,1.4786766588179066
Texas,23,56,Medium Betweenness,0.16844608883062998,0,-33.292857142857144,0.3084138717301755,181.96418432080353,5136.163103332536,0.7519377739294574
Texas,23,84,Low Betweenness (Intra-cluster),0.4068358937899272,0,-2.159920634920635,0.31342895294080136,184.9230822350728,-10.940848950640506,1.5710983068350275
Texas,24,40,Medium Betweenness,1.9980025688807168,0,0.2404761904761905,1.0000000000000024,590.0000000000015,-1.8709183096603472,0.9480724618424499
Texas,24,56,High Betweenness (Inter-cluster),0.0965272163351377,0,-34.90396825396825,0.9999999999999992,589.9999999999995,-101.02893003715718,0.01770105040729662
Texas,24,130,Medium Betweenness,2.001116156578064,0,0.2404761904761905,1.0000000000000022,590.0000000000014,-1.8709183096603474,0.9480724618424501
Texas,25,84,Medium Betweenness,0.40307353933652246,0,-2.7123015873015874,0.6294230588899405,371.3596047450649,-9.733406729710063,1.2404811404453073
Texas,25,167,Low Betweenness (Intra-cluster),1.0523950457572937,0,-0.28174603174603174,0.6294230588899401,371.35960474506464,-2.020658473615057,1.3048247213025448
Texas,26,56,Medium Betweenness,0.29256772994995117,0,-33.40396825396826,0.9999999999999989,589.9999999999993,-23.889075863572632,0.05741023173633443
Texas,27,56,Medium Betweenness,0.26539560159047443,0,-33.40396825396826,1.0000000000000002,590.0000000000001,-23.88907586357268,0.0574102317363331
Texas,28,80,Medium Betweenness,0.8520469665527344,0,-0.692063492063492,0.6425674895397122,379.1148188284302,-2.9390932013444164,1.2808180438280732
Texas,28,146,Low Betweenness (Intra-cluster),0.5914922952651978,0,-1.4317460317460318,0.6425674895397124,379.1148188284303,-5.931676493058467,1.2612365850986218
Texas,29,97,Low Betweenness (Intra-cluster),0.7525633772214253,0,-0.9309523809523808,0.5835556103338556,344.2978100969748,-2.969336150501558,1.3335058676395546
Texas,29,162,Medium Betweenness,0.7703350782394409,0,-1.0214285714285714,0.6112932789636492,360.663034588553,-3.447716305880353,1.3033730423180858
Texas,29,56,High Betweenness (Inter-cluster),0.20719823241233826,0,-33.868253968253974,0.33422244133542145,197.19124038789866,456.29993891043137,0.7108968466650746
Texas,29,126,Medium Betweenness,0.5566185315450032,0,-1.55,0.5617329548787198,331.42244337844465,-4.877464682103644,1.3389406067724157
Texas,29,182,Medium Betweenness,1.2815738519032798,0,-0.6166666666666667,0.9999999999999982,589.999999999999,-2.3086532571794915,0.925381501083004
Texas,30,146,Low Betweenness (Intra-cluster),0.41855434576670336,0,-1.5555555555555554,0.4549040268104987,268.3933758181942,-6.616806893198851,1.445622462730384
Texas,30,159,Low Betweenness (Intra-cluster),0.5328786571820577,0,-0.742063492063492,0.45600848161731417,269.04500415421535,-2.8591780796162842,1.4660534105072391
Texas,30,56,Medium Betweenness,0.16708735128243765,0,-33.396031746031746,0.40534861790177956,239.15568456204994,-145.72041540224066,0.65227170937653
Texas,31,56,Medium Betweenness,0.13943616549173993,0,-33.59285714285714,0.37392108183168293,220.61343828069292,-272.99102261190086,0.6784887282172172
Texas,31,84,Low Betweenness (Intra-cluster),0.33677063385645545,0,-2.459920634920635,0.38005062553355917,224.2298690647999,-10.84756541481033,1.4965347986426814
Texas,31,127,Low Betweenness (Intra-cluster),0.4518248736858368,0,-0.8599206349206348,0.3993797403003022,235.6340467771783,-3.115845456751448,1.5195621441535372
Texas,32,56,Medium Betweenness,0.27568639318148297,0,-33.40396825396826,0.9999999999999982,589.999999999999,-23.88907586357265,0.057410231736335096
Texas,33,56,Medium Betweenness,0.277905414501826,0,-33.40396825396826,0.9999999999999992,589.9999999999995,-23.88907586357267,0.0574102317363341
Texas,34,34,Low Betweenness (Intra-cluster),1.1576001644134521,0,1.4865079365079366,0.0,0.0,-3.8235889413260407,1.9810583855390207
Texas,34,66,High Betweenness (Inter-cluster),0.12688506891330084,0,-3.486507936507937,0.32002849812944545,188.81681389637282,-34.07911330762343,1.5293802979073599
Texas,34,84,Medium Betweenness,0.1052675743897756,0,-4.281349206349206,0.29624430677934566,174.78414099981393,-50.972775238226525,1.532122824944997
Texas,34,42,Medium Betweenness,0.6739165584246317,0,-0.9531746031746031,0.6948057260865135,409.93537839104295,-6.526473951569694,1.2216674688315647
Texas,34,50,Low Betweenness (Intra-cluster),0.47469542423884076,0,-1.3698412698412699,0.5381111791037728,317.48559567122595,-8.46245520094417,1.3673316861003988
Texas,34,56,High Betweenness (Inter-cluster),0.043584904323021575,0,-35.41428571428571,0.2532515347786328,149.41840551939336,43.806482538282374,0.7509399824497357
Texas,34,78,Medium Betweenness,0.6622315446535746,0,-0.730952380952381,0.607558923103969,358.45976463134167,-7.123082306697391,1.3147971126200138
Texas,35,56,Medium Betweenness,0.2810107171535492,0,-33.40396825396826,0.9999999999999991,589.9999999999994,-23.889075863572746,0.05741023173633421
Texas,36,60,Low Betweenness (Intra-cluster),1.8266021410624185,0,0.7333333333333333,0.6282900799097553,370.6911471467556,-2.8203493266203363,1.332829680652267
Texas,37,56,High Betweenness (Inter-cluster),0.15117356181144714,0,-33.98730158730159,0.6739202961939532,397.6129747544324,-70.00474388192104,0.36804747287583345
Texas,37,83,Low Betweenness (Intra-cluster),1.234190305074056,0,0.1238095238095237,0.673920296193953,397.6129747544323,-2.4063708295067343,1.2710636705065421
Texas,38,56,Medium Betweenness,0.26053224007288617,0,-33.40396825396826,0.9999999999999989,589.9999999999993,-23.889075863572668,0.05741023173633443
Texas,39,140,Medium Betweenness,1.1545345385869343,0,0.15714285714285714,0.5163206664363977,304.62919319747465,-4.288528976035676,1.4295457249398513
Texas,39,56,High Betweenness (Inter-cluster),0.09777763982613882,0,-34.353968253968254,0.5638809070939845,332.6897351854509,-1813.7030567279512,0.4683801721060836
Texas,39,83,Low Betweenness (Intra-cluster),1.2908097505569458,0,0.3571428571428571,0.542120018512122,319.850810922152,-3.1403692583348843,1.4090409306326597
Texas,41,66,Medium Betweenness,0.1829323222239812,0,-2.7698412698412698,0.3391541289721841,200.10093609358861,-20.17293370369579,1.5292268316686406
Texas,41,84,Low Betweenness (Intra-cluster),0.1553073177735011,0,-3.5646825396825395,0.3105131428789571,183.2027542985847,-20.49117037236492,1.536826153400837
Texas,41,104,Low Betweenness (Intra-cluster),0.8998395601908367,0,0.0492063492063492,0.5676975853831541,334.9415753760609,0.9518499997152676,1.3753114262630834
Texas,41,118,Low Betweenness (Intra-cluster),0.8694333831469219,0,0.0492063492063492,0.5676975853831536,334.94157537606065,0.9518499997152662,1.375311426263084
Texas,41,56,High Betweenness (Inter-cluster),0.24378333985805511,0,-32.69761904761904,0.2707903415326131,159.76630150424174,258.44379870492,0.8053189153892901
Texas,42,93,Low Betweenness (Intra-cluster),1.70876415570577,0,0.5571428571428572,0.6948057260865146,409.9353783910436,-0.18619836553980548,1.2616497820956687
Texas,43,56,Medium Betweenness,0.27648236354192096,0,-33.40396825396826,0.9999999999999984,589.9999999999991,-23.88907586357262,0.057410231736334874
Texas,44,159,Low Betweenness (Intra-cluster),0.8065214157104492,0,-0.46428571428571425,0.5669525430569231,334.50200040358465,-1.8497755517143248,1.3624629022750452
Texas,44,56,Medium Betweenness,0.20824291308720905,0,-33.4515873015873,0.5669525430569231,334.50200040358465,-41.107795251392915,0.48919707541783813
Texas,45,45,Low Betweenness (Intra-cluster),2.4002309640248614,0,0.41666666666666663,0.0,0.0,-3.5406116794831317,1.952736704887411
Texas,45,108,Medium Betweenness,1.3857742547988892,0,-1.3333333333333335,1.0000000000000007,590.0000000000003,-5.212446169174995,0.906409336670239
Texas,46,95,High Betweenness (Inter-cluster),1.0159712632497153,0,-0.4380952380952381,0.6403143053864517,377.7854401780065,-5.885275178483695,1.2897944755912314
Texas,46,56,High Betweenness (Inter-cluster),0.1459515392780304,0,-33.88015873015873,0.640314305386453,377.78544017800726,468.6409397466762,0.40448983344220374
Texas,47,84,Low Betweenness (Intra-cluster),0.46792061130205787,0,-2.3265873015873013,0.4010924978687433,236.64457374255855,-10.321193978247033,1.4790226315249424
Texas,47,180,Low Betweenness (Intra-cluster),0.9815272688865662,0,0.39126984126984127,0.5103653529135397,301.11555821898844,-3.1419929687806802,1.4416990323143017
Texas,47,56,High Betweenness (Inter-cluster),0.1066173960765203,0,-33.95952380952381,0.4083720158031166,240.93948932383879,112.15589083558196,0.634331105820974
Texas,48,74,Medium Betweenness,1.2793017228444419,0,0.04047619047619044,0.7413964105886515,437.4238822473044,-1.4054607827969878,1.2013814911572163
Texas,48,141,Low Betweenness (Intra-cluster),1.713340719540914,0,0.31666666666666665,0.7413964105886519,437.4238822473046,-1.5417351135364923,1.2086930229574833
Texas,49,56,High Betweenness (Inter-cluster),0.14727159837881726,0,-34.23730158730159,0.9999999999999792,589.9999999999877,-39.936098418814105,0.035349575442444395
Texas,49,114,Medium Betweenness,2.5950546264648438,0,0.8238095238095238,0.9999999999999908,589.9999999999945,-0.6547676405565234,0.9635149212481983
Texas,50,68,Low Betweenness (Intra-cluster),1.2802433967590332,0,0.22380952380952374,0.6311404757679091,372.37288070306636,-0.5121909825835411,1.3164907692600551
Texas,50,150,Low Betweenness (Intra-cluster),0.9239597320556641,0,-0.08571428571428574,0.5739624285700715,338.6378328563422,-1.1860420040356063,1.3654748578340863
Texas,51,116,Medium Betweenness,1.055091381072998,0,-1.776190476190476,1.0000000000000016,590.0000000000009,-4.617922058626494,0.8946856736111889
Texas,52,56,Medium Betweenness,0.2590155601501465,0,-33.40396825396826,0.999999999999999,589.9999999999994,-23.88907586357262,0.05741023173633432
Texas,53,71,Medium Betweenness,2.91384228070577,0,0.8238095238095238,1.0000000000000155,590.0000000000092,-0.6547676405565234,0.9635149212481735
Texas,53,56,High Betweenness (Inter-cluster),0.16439129412174225,0,-34.23730158730159,1.0000000000000395,590.0000000000233,-39.936098418814026,0.03534957544238411
Texas,54,125,Low Betweenness (Intra-cluster),1.7751923402150473,0,0.6761904761904761,0.6666666666666665,393.33333333333326,0.591697330043328,1.2929403635618264
Texas,54,56,Medium Betweenness,0.3000624378522237,0,-33.070634920634916,0.6666666666666666,393.3333333333333,-25.991620822369203,0.39956782425388443
Texas,55,116,Low Betweenness (Intra-cluster),0.3121721843878428,0,-2.5821428571428573,0.4204870353885948,248.08735087927093,-10.179555594201819,1.452862826268905
Texas,55,56,High Betweenness (Inter-cluster),0.12237378458182019,0,-33.728968253968254,0.3135139442584058,184.97322711245943,61.782804326244616,0.7352926246584153
Texas,55,127,Low Betweenness (Intra-cluster),0.31538246075312293,0,-1.296031746031746,0.36895108668348287,217.68114114325488,-5.914102074810812,1.538445720672256
Texas,55,173,High Betweenness (Inter-cluster),0.3756190240383148,0,-1.4817460317460316,0.48474047886723326,285.9968825316676,-11.167453509074626,1.4177399548151899
Texas,56,57,High Betweenness (Inter-cluster),0.30662469069163006,0,-31.78932178932179,0.23997761797734452,141.58679460663328,-558.4882748544006,0.8601767989900259
Texas,56,59,Medium Betweenness,0.18182240426540375,0,-33.418253968253964,0.3906716670580016,230.49628356422096,-89.48980389847391,0.6663603759057005
Texas,56,61,Medium Betweenness,0.16486549377441406,0,-33.62619047619047,0.5271409186075439,311.0131419784509,-81.17428790955907,0.5243864667218042
Texas,56,62,Medium Betweenness,0.1341858208179474,0,-33.59285714285714,0.37392108183168293,220.61343828069292,-272.99102261191496,0.6784887282172172
Texas,56,63,High Betweenness (Inter-cluster),0.14400701224803925,0,-33.8484126984127,0.6224322240806113,367.23501220756066,110.29862274817461,0.4232123205232775
Texas,56,64,High Betweenness (Inter-cluster),0.15233397980531058,0,-33.77063492063492,0.44424296641442484,262.10335018451065,-60.105030015838146,0.6034605709949962
Texas,56,65,High Betweenness (Inter-cluster),0.1274647836883863,0,-33.772655122655124,0.4157420351833749,245.28780075819117,-175.80717268424866,0.6319080215621412
Texas,56,68,High Betweenness (Inter-cluster),0.1541804571946462,0,-33.98730158730159,0.6311404757679081,372.3728807030658,-62.46344659292688,0.4108272928740787
Texas,56,69,Medium Betweenness,0.27557433148225147,0,-33.40396825396826,0.9999999999999976,589.9999999999985,-23.889075863572636,0.05741023173633576
Texas,56,74,High Betweenness (Inter-cluster),0.16809683541456857,0,-33.83730158730159,0.49763807608061844,293.60646488756487,-136.0603020598953,0.5483006093592427
Texas,56,75,Medium Betweenness,0.18272587160269418,0,-33.537301587301585,0.5650049244710063,333.3529054378937,-58.40529130503881,0.4888755979083338
Texas,56,77,Medium Betweenness,0.2885423401991526,0,-33.40396825396826,0.9999999999999989,589.9999999999993,-23.889075863572632,0.05741023173633443
Texas,56,79,High Betweenness (Inter-cluster),0.14382375280062357,0,-33.820634920634916,0.44571842205022133,262.97386900963056,-52.71893503581225,0.6006614759963198
Texas,56,80,High Betweenness (Inter-cluster),0.056490225096543625,0,-35.47539682539682,0.4435010013450628,261.66559079358706,40.14688722040186,0.5590727363242544
Texas,56,81,High Betweenness (Inter-cluster),0.1480089078346888,0,-33.8484126984127,0.6224322240806118,367.235012207561,110.29862274817259,0.42321232052327695
Texas,56,82,High Betweenness (Inter-cluster),0.24395628770192462,0,-32.77063492063492,0.3152450057575303,185.99455339694288,-68.47137193316539,0.7589313179145978
Texas,56,84,High Betweenness (Inter-cluster),0.327656219402949,0,-30.46785714285714,0.1085636744301815,64.05256791380708,39.53477996765419,1.026573594067296
Texas,56,85,High Betweenness (Inter-cluster),0.117381252348423,0,-34.203968253968256,0.5526412785560746,326.058354348084,-149.34943103113974,0.48359071866450054
Texas,56,87,Medium Betweenness,0.1870879977941513,0,-33.537301587301585,0.5650049244710065,333.3529054378938,-58.405291305039086,0.48887559790833357
Texas,56,89,High Betweenness (Inter-cluster),0.1461895356575648,0,-33.98730158730159,0.6850939607351827,404.2054368337578,3682.435913372022,0.3568738084463411
Texas,56,90,High Betweenness (Inter-cluster),0.15945217510064444,0,-34.203968253968256,0.6545707821371611,386.1967614609251,-245.6444877642093,0.38166121610271303
Texas,56,91,Medium Betweenness,0.2672367791334788,0,-33.40396825396826,0.9999999999999982,589.999999999999,-23.88907586357261,0.057410231736335096
Texas,56,93,High Betweenness (Inter-cluster),0.1532128006219864,0,-34.07063492063492,0.694805726086514,409.9353783910433,-81.95290924577026,0.34495597756273677
Texas,56,94,High Betweenness (Inter-cluster),0.1920104771852493,0,-33.65396825396826,0.4923616661061317,290.4933830026177,-172.07739008752299,0.5584303636656255
Texas,56,97,Medium Betweenness,0.19431109229723612,0,-33.4515873015873,0.583555610333856,344.297810096975,-51.74541259300341,0.47259400830693665
Texas,56,98,Medium Betweenness,0.2868699332078298,0,-33.40396825396826,0.9999999999999973,589.9999999999984,-23.8890758635726,0.057410231736335984
Texas,56,103,Medium Betweenness,0.2708762288093567,0,-33.40396825396826,0.9999999999999971,589.9999999999983,-23.889075863572597,0.057410231736336206
Texas,56,104,Medium Betweenness,0.21510277191797894,0,-33.40396825396826,0.5676975853831535,334.9415753760606,-49.96245697098042,0.48971264203013865
Texas,56,109,Medium Betweenness,0.26629649599393207,0,-33.40396825396826,0.999999999999998,589.9999999999989,-23.889075863572614,0.05741023173633532
Texas,56,110,Medium Betweenness,0.1807310034831365,0,-33.515079365079366,0.5599944044943357,330.396698651658,-45.215159548334455,0.4944744020027365
Texas,56,112,Medium Betweenness,0.2626798202594121,0,-33.40396825396826,0.9999999999999989,589.9999999999993,-23.889075863572604,0.05741023173633443
Texas,56,116,High Betweenness (Inter-cluster),0.27477535605430603,0,-33.470634920634915,0.2600196978840277,153.41162175157632,152.56133339326504,0.795625673948961
Texas,56,117,Medium Betweenness,0.18036737044652304,0,-33.515079365079366,0.566124201951809,334.0132791515673,-93.85118103554692,0.48834460460656137
Texas,56,118,Medium Betweenness,0.20783436795075733,0,-33.40396825396826,0.5676975853831532,334.94157537606037,-49.96245697098038,0.489712642030139
Texas,56,119,High Betweenness (Inter-cluster),0.1467251479625702,0,-33.8484126984127,0.6224322240806115,367.23501220756077,110.29862274817394,0.4232123205232773
Texas,56,124,Medium Betweenness,0.27132127682367957,0,-33.40396825396826,0.9999999999999987,589.9999999999992,-23.88907586357262,0.05741023173633465
Texas,56,125,Medium Betweenness,0.3000624378522237,0,-33.070634920634916,0.6666666666666672,393.33333333333366,-25.991620822369324,0.3995678242538839
Texas,56,127,Medium Betweenness,0.3243696391582489,0,-31.04285714285714,0.16655101873041175,98.26510105094293,160.99511262971114,0.9533643975041436
Texas,56,128,Medium Betweenness,0.2793084681034088,0,-33.40396825396826,0.9999999999999978,589.9999999999986,-23.88907586357261,0.05741023173633554
Texas,56,129,Medium Betweenness,0.17144411305586496,0,-33.453968253968256,0.38653371804869324,228.054893648729,-123.41855618719815,0.6695528681753187
Texas,56,131,High Betweenness (Inter-cluster),0.044952514270941414,0,-35.57261904761905,0.3016963685221893,178.00085742809168,23.30906541199373,0.6983036244947864
Texas,56,132,High Betweenness (Inter-cluster),0.14873618880907694,0,-33.98730158730159,0.6443151032908286,380.1459109415889,-43.1769032897709,0.39765266548290495
Texas,56,134,Medium Betweenness,0.2768403391043345,0,-33.90396825396825,0.9999999999999989,589.9999999999993,-36.82964805801325,0.04417383795998873
Texas,56,135,Medium Betweenness,0.27185890078544617,0,-33.40396825396826,0.999999999999998,589.9999999999989,-23.88907586357261,0.05741023173633532
Texas,56,136,Medium Betweenness,0.28456518054008484,0,-33.40396825396826,0.9999999999999971,589.9999999999983,-23.889075863572614,0.057410231736336206
Texas,56,137,Medium Betweenness,0.24762291212876636,0,-33.40396825396826,0.9999999999999978,589.9999999999986,-23.889075863572607,0.05741023173633554
Texas,56,139,High Betweenness (Inter-cluster),0.1575437436501185,0,-34.07063492063492,0.7266244574269468,428.7084298818986,-66.42502788625421,0.3131372465404925
Texas,56,142,Medium Betweenness,0.2774198849995931,0,-33.40396825396826,0.9999999999999996,589.9999999999998,-23.8890758635726,0.057410231736333764
Texas,56,143,Medium Betweenness,0.2569577991962433,0,-33.40396825396826,0.999999999999998,589.9999999999989,-23.88907586357261,0.05741023173633532
Texas,56,144,High Betweenness (Inter-cluster),0.14059689144293466,0,-34.070634920634916,0.5788112514393824,341.4986383492356,-57.03651513538719,0.4609504510499193
Texas,56,146,High Betweenness (Inter-cluster),0.1501323084036509,0,-34.46507936507937,0.2644968078072419,156.0531166062727,53.104652366414314,0.7648228475597855
Texas,56,147,High Betweenness (Inter-cluster),0.1435915877421697,0,-33.99285714285715,0.39116957104221306,230.7900469149057,813.4401396672229,0.6506511241580957
Texas,56,149,Medium Betweenness,0.267556111017863,0,-33.40396825396826,0.9999999999999964,589.999999999998,-23.889075863572614,0.05741023173633687
Texas,56,150,High Betweenness (Inter-cluster),0.1429979552825292,0,-33.86825396825397,0.43250778211012536,255.17959144497397,-90.55177535553344,0.6126115068732282
Texas,56,153,Medium Betweenness,0.13644351065158844,0,-33.59285714285714,0.37392108183168266,220.61343828069278,-272.9910226119126,0.6784887282172174
Texas,56,154,Medium Betweenness,0.27020008365313214,0,-33.40396825396826,0.9999999999999978,589.9999999999986,-23.88907586357261,0.05741023173633554
Texas,56,155,Medium Betweenness,0.2692430019378662,0,-33.40396825396826,0.9999999999999978,589.9999999999986,-23.889075863572607,0.05741023173633554
Texas,56,159,High Betweenness (Inter-cluster),0.30630395809809363,0,-32.151587301587305,0.26781017222768927,158.00800161433668,-145.45367895624764,0.8227540670741357
Texas,56,161,Medium Betweenness,0.19372959931691489,0,-33.537301587301585,0.5650049244710063,333.3529054378937,-58.40529130503926,0.4888755979083338
Texas,56,165,High Betweenness (Inter-cluster),0.1256422499815623,0,-33.772655122655124,0.41574203518337505,245.28780075819128,-175.80717268425042,0.6319080215621411
Texas,56,166,Medium Betweenness,0.29245690504709876,0,-33.40396825396826,0.9999999999999978,589.9999999999986,-23.88907586357258,0.05741023173633554
Texas,56,167,High Betweenness (Inter-cluster),0.07397722204526265,0,-35.08730158730159,0.5083715603225033,299.93922059027693,69.98921270505959,0.5044761407838285
Texas,56,169,Medium Betweenness,0.2695297797520955,0,-33.40396825396826,0.9999999999999953,589.9999999999973,-23.88907586357262,0.05741023173633798
Texas,56,170,Medium Betweenness,0.18016421794891357,0,-33.515079365079366,0.5599944044943358,330.39669865165814,-45.215159548334384,0.4944744020027364
Texas,56,171,High Betweenness (Inter-cluster),0.20684592425823212,0,-33.08095238095238,0.20824140182032871,122.86242707399394,97.94943232593776,0.8577199525808841
Texas,56,172,High Betweenness (Inter-cluster),0.14421401172876358,0,-34.07063492063492,0.6898046002022581,406.9847141193323,-55.43271742167708,0.3499571033969813
Texas,56,178,High Betweenness (Inter-cluster),0.14992057780424756,0,-33.93730158730159,0.600005750937319,354.0033930530182,-46.45325653846427,0.44328565677095383
Texas,56,179,Medium Betweenness,0.26496588687101996,0,-33.40396825396826,0.9999999999999976,589.9999999999985,-23.889075863572597,0.05741023173633576
Texas,56,181,Medium Betweenness,0.2868701418240865,0,-33.40396825396826,0.9999999999999964,589.999999999998,-23.889075863572593,0.05741023173633687
Texas,57,65,Low Betweenness (Intra-cluster),0.5546715160210928,0,-0.9051226551226552,0.42294685135404864,249.5386422988887,-6.330621759695434,1.4947984098577023
Texas,57,67,Medium Betweenness,1.083462397257487,0,-1.1059884559884559,1.0000000000000009,590.0000000000006,-6.08868102021894,0.9124277893093825
Texas,57,110,Low Betweenness (Intra-cluster),0.6173134644826253,0,-0.9202741702741704,0.5599944044943361,330.3966986516583,-5.888324586633127,1.3573497552461882
Texas,57,165,Low Betweenness (Intra-cluster),0.5466134746869404,0,-0.9051226551226552,0.42294685135404897,249.5386422988889,-6.330621759695429,1.4947984098577018
Texas,57,170,Low Betweenness (Intra-cluster),0.6153783599535624,0,-0.9202741702741704,0.5599944044943362,330.39669865165837,-5.888324586633131,1.3573497552461882
Texas,58,88,Medium Betweenness,0.9414044221242268,0,-1.2222222222222223,0.6224322240806142,367.23501220756236,-8.059392648863343,1.286918529653121
Texas,58,102,Medium Betweenness,0.8152789870897927,0,-1.2936507936507935,0.4897288963224449,288.94004883024246,-9.37904864488065,1.4177309426876308
Texas,58,119,High Betweenness (Inter-cluster),0.5995625058809917,0,-1.565079365079365,0.6224322240806173,367.2350122075642,-11.264135969497742,1.2778421453493378
Texas,58,163,Medium Betweenness,1.002106567223867,0,-1.7222222222222219,1.0000000000000078,590.0000000000045,-7.6140146464431435,0.8961143637330741
Texas,58,63,High Betweenness (Inter-cluster),0.5935307145118713,0,-1.565079365079365,0.6224322240806168,367.23501220756395,-11.264135969497746,1.2778421453493383
Texas,58,81,High Betweenness (Inter-cluster),0.5951660672823588,0,-1.565079365079365,0.6224322240806173,367.2350122075642,-11.264135969497735,1.2778421453493378
Texas,59,159,Low Betweenness (Intra-cluster),0.5893993973731995,0,-0.7309523809523809,0.4673851521105532,275.7572397452264,-2.833770703303018,1.4549708822116862
Texas,61,84,Low Betweenness (Intra-cluster),0.39818787574768066,0,-2.4932539682539683,0.5271409186075438,311.0131419784508,-10.47045264437521,1.3485620807878493
Texas,62,84,Low Betweenness (Intra-cluster),0.3240894377231598,0,-2.459920634920635,0.38005062553355906,224.22986906479986,-10.847565414810328,1.4965347986426816
Texas,62,127,Low Betweenness (Intra-cluster),0.4348117311795552,0,-0.8599206349206348,0.39937974030030254,235.6340467771785,-3.11584545675145,1.5195621441535367
Texas,64,82,Low Betweenness (Intra-cluster),0.9198590318361919,0,0.1261904761904762,0.45501840559259765,268.4608592996326,-2.6598667396951443,1.4900285893654237
Texas,64,133,Low Betweenness (Intra-cluster),0.9982349077860515,0,0.1738095238095238,0.48327773825651477,285.13386557134373,-2.2592881753578435,1.463029865915182
Texas,66,86,Medium Betweenness,0.8294027845064798,0,-1.8714285714285712,1.000000000000001,590.0000000000007,-9.00178334489324,0.8921644557490283
Texas,66,73,High Betweenness (Inter-cluster),0.4741129080454509,0,-2.4714285714285715,1.0000000000000027,590.0000000000016,-11.56898412187654,0.8762807832174118
Texas,66,80,High Betweenness (Inter-cluster),0.19285254180431366,0,-3.3809523809523805,0.4607055667331114,271.81628437253573,-15.776094017690705,1.3914975805076986
Texas,66,95,Medium Betweenness,0.23437710603078205,0,-3.252380952380952,0.5541680639980106,326.9591577588262,-20.51301827799676,1.3014387282913455
Texas,66,102,High Betweenness (Inter-cluster),0.3130492071310679,0,-2.4825396825396826,0.6018900167255126,355.1151098680524,-20.660410666534105,1.2740966204268676
Texas,66,131,High Betweenness (Inter-cluster),0.12888171275456747,0,-3.6448412698412693,0.355142601304251,209.53413476950809,-26.861807522653173,1.490074670387854
Texas,66,151,Medium Betweenness,0.32833734154701233,0,-2.704761904761905,0.6850939607351834,404.2054368337582,-11.31260511588973,1.1850098355708636
Texas,66,162,Low Betweenness (Intra-cluster),0.4761495192845662,0,-1.8476190476190477,0.611293278963649,360.66303458855293,-11.505159693139827,1.2815014773638382
Texas,66,171,High Betweenness (Inter-cluster),0.12452223648627597,0,-3.203174603174603,0.2940397236757243,173.48343696867732,-31.226124748962572,1.5628696952411216
Texas,66,180,Low Betweenness (Intra-cluster),0.3102403084437052,0,-2.3436507936507933,0.44872557948123504,264.7480918939287,-17.362415465879906,1.4309378321884796
Texas,67,67,Low Betweenness (Intra-cluster),2.298370599746704,0,0.3611111111111111,0.0,0.0,-1.919105906797206,1.9512659944678172
Texas,70,147,Medium Betweenness,1.6977277994155884,0,0.4349206349206349,1.0000000000000013,590.0000000000008,-0.3197865961705186,0.95321994831103
Texas,72,108,Medium Betweenness,1.4321294228235881,0,-0.8333333333333334,1.0000000000000009,590.0000000000006,-5.487744329188018,0.9196457304465847
Texas,73,73,Low Betweenness (Intra-cluster),2.3083577156066895,0,0.7714285714285715,0.0,0.0,-3.027125001261295,1.9621282414239611
Texas,73,158,Medium Betweenness,2.6923787593841553,0,0.6285714285714286,1.000000000000001,590.0000000000007,-3.109055861431303,0.9583464246307577
Texas,75,116,Low Betweenness (Intra-cluster),0.5920993685722351,0,-2.09047619047619,0.5650049244710067,333.3529054378939,-6.285266341894576,1.3213607258450843
Texas,76,95,Low Betweenness (Intra-cluster),0.9963353276252747,0,-0.5285714285714286,0.669272188848056,394.87059142035304,-6.072929748317704,1.258441435450154
Texas,76,116,Medium Betweenness,0.5739588141441345,0,-2.2523809523809524,0.6692721888480562,394.87059142035315,-6.759939470431146,1.2128073921450375
Texas,78,146,Low Betweenness (Intra-cluster),0.5959285100301106,0,-1.3650793650793651,0.6075589231039691,358.4597646313418,-5.950854692466386,1.2980100036877906
Texas,79,82,Low Betweenness (Intra-cluster),0.60165802637736,0,-0.5238095238095237,0.51114663079235,301.5765121674865,-3.091543078136281,1.4166930528177062
Texas,79,99,Low Betweenness (Intra-cluster),0.9176854292551677,0,-0.2595238095238095,0.5984850999276123,353.1062089572913,-1.8220241677630242,1.3363509641233293
Texas,80,176,Medium Betweenness,1.5225767691930134,0,-0.24761904761904763,0.9999999999999996,589.9999999999998,-1.904575500868622,0.935151220298877
Texas,82,133,Low Betweenness (Intra-cluster),0.8150553107261658,0,-0.32619047619047614,0.43234932128379977,255.08609955744186,-4.053327773914757,1.5007218886022646
Texas,82,144,Low Betweenness (Intra-cluster),0.5881590445836385,0,-0.7738095238095237,0.5788112514393828,341.4986383492359,-3.282135856046011,1.3424102359591494
Texas,83,140,Low Betweenness (Intra-cluster),1.1545345385869343,0,-0.16666666666666674,0.553000462803054,326.2702730538019,-4.532641334198048,1.3842937882086466
Texas,84,127,Low Betweenness (Intra-cluster),0.5674730539321899,0,-1.2599206349206349,0.18493964983604005,109.11439340326363,-13.163518193292482,1.7234131174523133
Texas,84,147,Low Betweenness (Intra-cluster),0.3468068341414134,0,-2.859920634920635,0.3928412647790881,231.77634621966197,-12.036929058337732,1.473155044503983
Texas,84,153,Low Betweenness (Intra-cluster),0.329542467991511,0,-2.459920634920635,0.3800506255335588,224.2298690647997,-10.847565414810303,1.4965347986426818
Texas,84,131,Low Betweenness (Intra-cluster),0.1737934648990631,0,-4.06468253968254,0.3088734626567946,182.2353429675088,-19.770475512658333,1.5252294398302566
Texas,84,171,Low Betweenness (Intra-cluster),0.15728311240673065,0,-3.698015873015873,0.24487837017146383,144.47823840116365,-19.81619469571129,1.5989312204449542
Texas,84,173,High Betweenness (Inter-cluster),0.16975568234920502,0,-4.295634920634921,0.4007575133379739,236.44693286940458,-24.92627559848476,1.4272314367521808
Texas,84,177,High Betweenness (Inter-cluster),0.2589020828406016,0,-3.078968253968254,0.5494292725100987,324.1632707809582,-13.724171657244666,1.3107682372558878
Texas,84,180,Medium Betweenness,0.46269639333089196,0,-2.4170634920634924,0.4145436857614493,244.58077459925508,-14.662669041197917,1.4631762867976958
Texas,85,111,Medium Betweenness,1.8790086110432944,0,0.6404761904761904,0.9999999999999996,589.9999999999998,-0.4088797135118244,0.9586615768635295
Texas,86,86,Low Betweenness (Intra-cluster),2.1943939526875815,0,0.3214285714285714,0.0,0.0,-1.6997566914620317,1.95021548702525
Texas,87,116,Low Betweenness (Intra-cluster),0.6062345306078593,0,-2.09047619047619,0.5650049244710067,333.3529054378939,-6.285266341894578,1.3213607258450843
Texas,88,102,Low Betweenness (Intra-cluster),1.4121057192484536,0,0.5396825396825397,0.6224322240806166,367.2350122075638,-5.096830235206455,1.3335610601030992
Texas,89,151,High Betweenness (Inter-cluster),1.2536356449127197,0,0.0023809523809523725,0.6850939607351816,404.2054368337571,-1.6786424661824515,1.256675453302795
Texas,90,90,Low Betweenness (Intra-cluster),1.4084072510401409,0,0.40952380952380957,0.0,0.0,-2.0418674584516157,1.952547613547749
Texas,90,140,Medium Betweenness,1.0792852640151978,0,-0.4428571428571427,0.6545707821371614,386.1967614609252,-5.445461362040611,1.275411938089979
Texas,94,99,Low Betweenness (Intra-cluster),0.9367550611495972,0,-0.34285714285714275,0.607813748738794,358.61011175588845,-2.037790862578142,1.3248162497760436
Texas,95,95,Low Betweenness (Intra-cluster),1.9603210290273032,0,1.380952380952381,0.0,0.0,-3.773662577423339,1.9782640357417924
Texas,95,157,Medium Betweenness,1.732749025026957,0,-0.09523809523809523,1.0000000000000004,590.0000000000002,-4.386861650454351,0.9391851688783339
Texas,96,173,Medium Betweenness,1.1534450054168701,0,-0.6722222222222223,1.0000000000000007,590.0000000000003,-5.540852330342287,0.9239107906634074
Texas,99,132,Low Betweenness (Intra-cluster),1.2649253606796265,0,0.07380952380952377,0.644315103290829,380.1459109415891,-1.0715552225086082,1.2993452237359784
Texas,100,131,Medium Betweenness,1.1527134974797568,0,-0.4698412698412697,0.9999999999999996,589.9999999999998,-2.845798667236309,0.929268378620501
Texas,102,102,Low Betweenness (Intra-cluster),1.3185402154922485,0,0.6825396825396826,0.0,0.0,-3.8549129426436934,1.9597751047526109
Texas,105,144,Medium Betweenness,1.957506775856018,0,0.5738095238095238,0.9999999999999986,589.9999999999992,-0.6522644952933802,0.9568967243600176
Texas,107,108,Medium Betweenness,1.3908367554346721,0,-0.8333333333333334,1.0,590.0,-5.487744329188022,0.9196457304465856
Texas,113,171,Medium Betweenness,0.65571924050649,0,-0.6948412698412698,0.689804600202259,406.9847141193328,-2.0966481402895285,1.2335073981169198
Texas,113,172,Low Betweenness (Intra-cluster),1.6177687644958496,0,0.5321428571428571,0.6898046002022586,406.9847141193326,-0.011513769449661237,1.2659890882410958
Texas,116,141,High Betweenness (Inter-cluster),0.6075714230537415,0,-2.442857142857143,0.741396410588653,437.4238822473053,-6.063796396454507,1.1356407354013636
Texas,116,160,Medium Betweenness,0.9659765362739563,0,-1.776190476190476,1.0000000000000004,590.0000000000002,-4.617922058626497,0.89468567361119
Texas,116,161,Low Betweenness (Intra-cluster),0.6277557810147604,0,-2.09047619047619,0.5650049244710065,333.3529054378938,-6.285266341894584,1.3213607258450846
Texas,117,146,Low Betweenness (Intra-cluster),0.6160717407862345,0,-1.246031746031746,0.5661242019518089,334.01327915156725,-5.513516705005493,1.3425962467533035
Texas,120,140,Medium Betweenness,1.0297922094662983,0,-0.3666666666666666,0.7742556693374074,456.8108449090704,-4.426951987914875,1.1577440263763155
Texas,120,156,Low Betweenness (Intra-cluster),1.640766342480977,0,0.08333333333333331,0.7742556693374062,456.81084490906966,-4.208598951820015,1.1696567807750282
Texas,122,167,Medium Betweenness,1.68825093905131,0,0.1071428571428571,0.9999999999999991,589.9999999999994,-1.4191539191141178,0.9445427568354275
Texas,127,129,Low Betweenness (Intra-cluster),0.5555427471796671,0,-0.7210317460317459,0.407380376996331,240.3544224278353,-3.3222487602986517,1.5152382835865001
Texas,127,153,Low Betweenness (Intra-cluster),0.44212787350018823,0,-0.8599206349206348,0.3993797403003021,235.63404677717824,-3.115845456751443,1.5195621441535372
Texas,127,171,Low Betweenness (Intra-cluster),0.4233647286891937,0,-1.3480158730158731,0.2707813786632422,159.7610134113129,-7.208087174222631,1.6352392629610326
Texas,129,171,Low Betweenness (Intra-cluster),0.6211151281992594,0,-0.3091269841269841,0.4212771713596368,248.55353110218573,-1.3306452589797868,1.5122457566160097
Texas,131,138,Medium Betweenness,1.1271597941716514,0,-0.4698412698412697,1.0,590.0,-2.8457986672363087,0.9292683786205006
Texas,131,168,High Betweenness (Inter-cluster),0.689715584119161,0,-1.1365079365079365,0.7129096749269415,420.61670820689545,-3.9515654156759314,1.1987101757875167
Texas,131,173,High Betweenness (Inter-cluster),0.2546332776546478,0,-2.7253968253968255,0.41618707434247143,245.55037386205814,-9.645940040777782,1.453370455404361
Texas,133,178,Low Betweenness (Intra-cluster),1.0164355834325154,0,0.0071428571428572285,0.6000057509373196,354.00339305301856,-1.345215156871152,1.34188972314288
Texas,134,134,Low Betweenness (Intra-cluster),2.005898952484131,0,0.25952380952380955,0.0,0.0,-1.1274264789538628,1.9485766954148454
Texas,145,168,Low Betweenness (Intra-cluster),1.764989415804545,0,0.41666666666666663,0.7129096749269414,420.6167082068954,-1.886194736265775,1.2398270370895943
Texas,145,173,Medium Betweenness,0.7215323646863302,0,-1.3388888888888888,0.7129096749269406,420.61670820689494,-6.204933397319241,1.1933525878304252
Texas,146,148,Low Betweenness (Intra-cluster),0.611752986907959,0,-1.6746031746031744,0.6041190997384615,356.43026884569224,-7.746476044353561,1.2932558689668763
Texas,146,164,Medium Betweenness,0.9390873114267986,0,-0.765079365079365,0.6140207853898989,362.27226338004033,-4.729005088171166,1.307431813998095
Texas,148,148,Low Betweenness (Intra-cluster),1.3692964712778728,0,0.45396825396825397,0.0,0.0,-2.3305262736060626,1.9537241818834241
Texas,148,159,Low Betweenness (Intra-cluster),0.771413226922353,0,-0.861111111111111,0.6041190997384613,356.4302688456922,-5.651536982187736,1.3147912715395025
Texas,150,159,Low Betweenness (Intra-cluster),0.5538289149602253,0,-0.8809523809523808,0.48837851828875534,288.1433257903656,-3.1385705715851033,1.4300065981105148
Texas,151,152,Medium Betweenness,1.9879010915756226,0,0.34523809523809523,1.0000000000000018,590.000000000001,-1.4735592944595897,0.9508458014908278
Texas,156,156,Low Betweenness (Intra-cluster),2.172949234644572,0,0.7833333333333333,0.0,0.0,-3.1400230805315617,1.9624433936567311
Texas,156,177,High Betweenness (Inter-cluster),1.232652982076009,0,-0.13888888888888878,0.774255669337407,456.8108449090701,-5.107669402612391,1.1637739390966515
Texas,163,163,Low Betweenness (Intra-cluster),2.125788847605387,0,0.3611111111111111,0.0,0.0,-2.5507152181499633,1.9512659944678172
Texas,167,177,Medium Betweenness,0.7281897266705831,0,-0.6484126984126986,0.5965446799384866,351.96136116370707,-3.4854198067725273,1.3279964111558928
Texas,173,175,Medium Betweenness,1.1165135701497395,0,-1.1722222222222223,0.9999999999999993,589.9999999999997,-6.189560868007808,0.9106743968870629
Texas,175,175,Low Betweenness (Intra-cluster),2.233027140299479,0,0.375,0.0,0.0,-2.28815250752594,1.9516336720727154
Texas,180,180,Low Betweenness (Intra-cluster),1.0846517086029053,0,0.5436507936507936,0.0,0.0,-2.2281287642818945,1.9560983287036258
